"Date ","series ","OPEN ","HIGH ","LOW ","PREV. CLOSE ","ltp ","close ","vwap ","52W H ","52W L ","VOLUME ","VALUE ","No of trades "
"31-Dec-2021","EQ","2,373.00","2,383.90","2,360.00","2,359.10","2,368.50","2,368.15","2,370.53","2,751.35","1,830.00","4,373,768","10,368,136,137.70","138,728"
"30-Dec-2021","EQ","2,400.00","2,404.95","2,345.60","2,402.50","2,364.00","2,359.10","2,366.88","2,751.35","1,830.00","13,537,254","32,041,015,240.70","226,181"
"29-Dec-2021","EQ","2,391.00","2,419.00","2,382.10","2,398.40","2,398.00","2,402.50","2,400.08","2,751.35","1,830.00","7,118,779","17,085,610,789.25","169,024"
"28-Dec-2021","EQ","2,375.60","2,404.85","2,373.05","2,370.25","2,404.00","2,398.40","2,389.02","2,751.35","1,830.00","2,941,883","7,028,226,280.45","121,810"
"27-Dec-2021","EQ","2,361.55","2,378.00","2,348.10","2,372.80","2,371.00","2,370.25","2,366.87","2,751.35","1,830.00","1,853,948","4,388,054,040.05","89,509"
"24-Dec-2021","EQ","2,370.00","2,392.00","2,337.55","2,365.25","2,367.15","2,372.80","2,360.96","2,751.35","1,830.00","3,639,616","8,592,980,567.85","159,321"
"23-Dec-2021","EQ","2,374.00","2,380.00","2,358.05","2,366.10","2,365.00","2,365.25","2,367.28","2,751.35","1,830.00","4,186,912","9,911,598,013.55","173,393"
"22-Dec-2021","EQ","2,324.90","2,371.90","2,322.00","2,311.25","2,365.00","2,366.10","2,346.81","2,751.35","1,830.00","8,149,415","19,125,125,458.70","222,615"
"21-Dec-2021","EQ","2,311.35","2,346.00","2,292.20","2,277.35","2,313.00","2,311.25","2,317.69","2,751.35","1,830.00","5,924,071","13,730,177,504.20","241,858"
"20-Dec-2021","EQ","2,317.85","2,317.85","2,247.10","2,340.45","2,276.80","2,277.35","2,277.67","2,751.35","1,830.00","6,611,376","15,058,513,385.60","331,211"
"17-Dec-2021","EQ","2,398.05","2,408.00","2,320.00","2,403.90","2,343.40","2,340.45","2,346.72","2,751.35","1,830.00","9,714,489","22,797,150,333.50","301,459"
"16-Dec-2021","EQ","2,405.70","2,415.50","2,368.65","2,373.20","2,413.95","2,403.90","2,392.29","2,751.35","1,830.00","4,504,829","10,776,855,117.15","187,830"
"15-Dec-2021","EQ","2,384.00","2,405.00","2,361.10","2,380.15","2,369.90","2,373.20","2,379.84","2,751.35","1,830.00","4,322,855","10,287,701,638.50","199,178"
"14-Dec-2021","EQ","2,380.00","2,406.00","2,373.40","2,409.65","2,382.50","2,380.15","2,386.78","2,751.35","1,830.00","5,995,586","14,310,134,060.60","248,926"
"13-Dec-2021","EQ","2,473.50","2,474.10","2,404.00","2,458.95","2,411.45","2,409.65","2,425.30","2,751.35","1,830.00","5,954,148","14,440,614,208.20","240,510"
"10-Dec-2021","EQ","2,440.25","2,466.00","2,430.35","2,456.45","2,457.25","2,458.95","2,443.62","2,751.35","1,830.00","3,860,176","9,432,810,632.75","177,038"
"09-Dec-2021","EQ","2,435.00","2,474.90","2,425.00","2,418.10","2,453.00","2,456.45","2,453.15","2,751.35","1,830.00","6,098,050","14,959,457,280.85","248,350"
"08-Dec-2021","EQ","2,424.10","2,431.80","2,406.30","2,381.85","2,420.95","2,418.10","2,418.81","2,751.35","1,830.00","4,035,437","9,760,953,632.95","175,071"
"07-Dec-2021","EQ","2,376.15","2,404.00","2,360.00","2,362.60","2,382.00","2,381.85","2,387.87","2,751.35","1,830.00","5,185,007","12,381,107,849.30","233,720"
"06-Dec-2021","EQ","2,416.00","2,425.00","2,357.15","2,408.25","2,365.95","2,362.60","2,388.06","2,751.35","1,830.00","4,768,334","11,387,071,064.70","210,176"
"03-Dec-2021","EQ","2,498.40","2,498.50","2,400.00","2,482.85","2,413.15","2,408.25","2,436.10","2,751.35","1,830.00","8,871,172","21,611,045,769.40","283,259"
"02-Dec-2021","EQ","2,469.70","2,496.20","2,461.60","2,467.00","2,481.95","2,482.85","2,482.51","2,751.35","1,830.00","5,870,468","14,573,515,872.05","248,052"
"01-Dec-2021","EQ","2,433.00","2,474.00","2,425.10","2,405.40","2,467.75","2,467.00","2,449.60","2,751.35","1,830.00","4,663,276","11,423,147,561.65","202,787"
"30-Nov-2021","EQ","2,468.00","2,475.90","2,388.85","2,441.50","2,401.20","2,405.40","2,424.91","2,751.35","1,830.00","14,847,511","36,003,821,297.30","381,257"
"29-Nov-2021","EQ","2,439.10","2,500.00","2,399.10","2,412.60","2,437.70","2,441.50","2,464.20","2,751.35","1,830.00","11,226,147","27,663,493,598.00","375,905"
"26-Nov-2021","EQ","2,467.80","2,477.60","2,401.50","2,492.95","2,405.10","2,412.60","2,433.36","2,751.35","1,830.00","7,274,686","17,701,896,486.35","306,992"
"25-Nov-2021","EQ","2,373.00","2,502.00","2,357.15","2,351.40","2,501.00","2,492.95","2,452.67","2,751.35","1,830.00","19,568,487","47,994,998,310.55","497,536"
"24-Nov-2021","EQ","2,380.00","2,409.90","2,343.55","2,385.85","2,343.55","2,351.40","2,376.12","2,751.35","1,830.00","7,762,564","18,444,768,823.80","291,051"
"23-Nov-2021","EQ","2,333.05","2,401.25","2,309.00","2,363.75","2,389.95","2,385.85","2,362.47","2,751.35","1,830.00","11,688,406","27,613,501,135.60","393,864"
"22-Nov-2021","EQ","2,436.10","2,449.00","2,351.00","2,473.30","2,365.65","2,363.75","2,380.24","2,751.35","1,830.00","11,133,364","26,500,112,857.50","469,744"
"18-Nov-2021","EQ","2,460.00","2,489.00","2,450.05","2,464.00","2,473.00","2,473.30","2,467.65","2,751.35","1,830.00","3,925,345","9,686,386,834.65","218,820"
"17-Nov-2021","EQ","2,498.95","2,498.95","2,461.00","2,517.90","2,462.80","2,464.00","2,479.92","2,751.35","1,830.00","4,708,235","11,676,042,764.70","240,722"
"16-Nov-2021","EQ","2,572.05","2,575.00","2,495.00","2,577.80","2,497.25","2,517.90","2,536.01","2,751.35","1,830.00","5,232,292","13,269,127,406.10","209,557"
"15-Nov-2021","EQ","2,600.00","2,602.20","2,570.00","2,593.10","2,574.50","2,577.80","2,581.57","2,751.35","1,830.00","2,216,708","5,722,594,256.70","107,475"
"12-Nov-2021","EQ","2,562.90","2,598.75","2,557.00","2,554.55","2,588.00","2,593.10","2,582.61","2,751.35","1,830.00","4,020,744","10,384,009,844.25","149,602"
"11-Nov-2021","EQ","2,540.05","2,570.50","2,535.55","2,549.90","2,556.00","2,554.55","2,551.89","2,751.35","1,830.00","4,948,422","12,627,828,736.25","216,865"
"10-Nov-2021","EQ","2,516.70","2,558.00","2,503.65","2,521.70","2,546.45","2,549.90","2,538.63","2,751.35","1,830.00","4,731,975","12,012,742,203.00","168,600"
"09-Nov-2021","EQ","2,505.00","2,528.90","2,487.05","2,501.95","2,528.60","2,521.70","2,508.11","2,751.35","1,830.00","7,237,470","18,152,375,051.00","205,289"
"08-Nov-2021","EQ","2,519.40","2,520.00","2,456.40","2,498.85","2,502.90","2,501.95","2,483.27","2,751.35","1,830.00","9,385,607","23,306,981,380.10","456,493"
"04-Nov-2021","EQ","2,492.95","2,504.90","2,490.00","2,483.60","2,503.00","2,498.85","2,497.33","2,751.35","1,830.00","787,160","1,965,800,892.45","63,285"
"03-Nov-2021","EQ","2,506.05","2,520.00","2,461.00","2,500.80","2,483.00","2,483.60","2,487.70","2,751.35","1,830.00","5,533,120","13,764,733,320.45","240,878"
"02-Nov-2021","EQ","2,545.00","2,548.00","2,495.25","2,537.80","2,503.05","2,500.80","2,510.10","2,751.35","1,830.00","4,877,652","12,243,384,395.60","225,933"
"01-Nov-2021","EQ","2,536.25","2,556.00","2,494.10","2,536.25","2,538.10","2,537.80","2,523.59","2,751.35","1,830.00","7,144,532","18,029,885,097.90","273,829"
"29-Oct-2021","EQ","2,596.15","2,596.15","2,501.70","2,598.60","2,540.00","2,536.25","2,548.04","2,751.35","1,830.00","6,568,539","16,736,893,522.25","277,855"
"28-Oct-2021","EQ","2,620.00","2,637.95","2,590.50","2,627.40","2,598.00","2,598.60","2,610.69","2,751.35","1,830.00","4,562,471","11,911,187,008.75","170,822"
"27-Oct-2021","EQ","2,652.00","2,676.80","2,619.95","2,661.05","2,622.30","2,627.40","2,652.28","2,751.35","1,830.00","4,567,140","12,113,330,049.05","176,020"
"26-Oct-2021","EQ","2,617.10","2,668.90","2,603.15","2,601.80","2,666.30","2,661.05","2,635.70","2,751.35","1,830.00","4,499,706","11,859,859,536.85","199,021"
"25-Oct-2021","EQ","2,680.00","2,680.00","2,570.00","2,627.40","2,607.00","2,601.80","2,611.17","2,751.35","1,830.00","7,937,067","20,725,006,859.30","317,548"
"22-Oct-2021","EQ","2,620.00","2,664.90","2,611.50","2,622.50","2,625.75","2,627.40","2,635.21","2,751.35","1,830.00","5,089,178","13,411,067,863.00","209,472"
"21-Oct-2021","EQ","2,727.40","2,728.00","2,603.20","2,700.40","2,635.00","2,622.50","2,642.91","2,751.35","1,830.00","9,613,812","25,408,416,389.20","356,400"
"20-Oct-2021","EQ","2,742.75","2,742.75","2,691.50","2,731.85","2,703.50","2,700.40","2,710.54","2,751.35","1,830.00","5,865,926","15,899,837,285.85","186,061"
"19-Oct-2021","EQ","2,723.80","2,751.35","2,708.00","2,707.60","2,730.80","2,731.85","2,733.67","2,751.35","1,830.00","4,076,617","11,144,119,425.10","203,192"
"18-Oct-2021","EQ","2,668.60","2,745.00","2,662.30","2,700.40","2,707.80","2,707.60","2,713.78","2,745.00","1,830.00","6,273,850","17,025,855,506.65","274,696"
"14-Oct-2021","EQ","2,700.35","2,717.45","2,687.20","2,694.95","2,701.00","2,700.40","2,700.84","2,720.00","1,830.00","3,979,730","10,748,597,410.00","144,964"
"13-Oct-2021","EQ","2,679.00","2,719.50","2,669.30","2,667.80","2,698.00","2,694.95","2,691.35","2,720.00","1,830.00","4,596,429","12,370,607,840.50","205,663"
"12-Oct-2021","EQ","2,645.00","2,683.00","2,641.25","2,652.65","2,668.00","2,667.80","2,661.50","2,720.00","1,830.00","3,083,747","8,207,402,615.65","145,888"
"11-Oct-2021","EQ","2,701.40","2,720.00","2,645.35","2,671.25","2,655.00","2,652.65","2,682.21","2,720.00","1,830.00","6,815,737","18,281,209,273.00","247,361"
"08-Oct-2021","EQ","2,585.25","2,684.40","2,581.50","2,572.40","2,669.20","2,671.25","2,642.81","2,684.40","1,830.00","7,279,003","19,237,049,930.20","253,640"
"07-Oct-2021","EQ","2,595.00","2,598.75","2,567.70","2,559.85","2,572.00","2,572.40","2,583.27","2,619.95","1,830.00","2,924,370","7,554,440,823.00","122,777"
"06-Oct-2021","EQ","2,619.95","2,619.95","2,551.10","2,609.20","2,554.00","2,559.85","2,585.47","2,619.95","1,830.00","4,734,472","12,240,833,224.70","175,209"
"05-Oct-2021","EQ","2,555.10","2,612.00","2,547.35","2,556.15","2,610.25","2,609.20","2,582.03","2,612.00","1,830.00","6,245,770","16,126,767,140.45","190,163"
"04-Oct-2021","EQ","2,553.00","2,574.85","2,537.05","2,523.70","2,558.00","2,556.15","2,556.97","2,574.85","1,830.00","5,038,910","12,884,346,776.35","163,519"
"01-Oct-2021","EQ","2,501.95","2,539.80","2,495.00","2,519.25","2,525.00","2,523.70","2,521.05","2,570.00","1,830.00","4,134,544","10,423,389,476.20","144,149"
"30-Sep-2021","EQ","2,525.00","2,534.60","2,500.35","2,527.85","2,511.00","2,519.25","2,517.46","2,570.00","1,830.00","6,272,085","15,789,702,474.85","173,121"
"29-Sep-2021","EQ","2,570.00","2,570.00","2,520.05","2,548.05","2,530.00","2,527.85","2,536.91","2,570.00","1,830.00","4,485,721","11,379,866,281.20","166,259"
"28-Sep-2021","EQ","2,534.00","2,564.90","2,512.80","2,524.45","2,545.00","2,548.05","2,539.99","2,564.90","1,830.00","8,323,269","21,141,019,462.35","229,286"
"27-Sep-2021","EQ","2,487.00","2,529.90","2,475.30","2,482.70","2,527.00","2,524.45","2,510.93","2,529.90","1,830.00","7,095,022","17,815,116,544.95","224,209"
"24-Sep-2021","EQ","2,503.55","2,505.45","2,472.00","2,489.90","2,479.00","2,482.70","2,488.36","2,505.45","1,830.00","7,011,181","17,446,321,055.45","234,214"
"23-Sep-2021","EQ","2,447.40","2,497.00","2,445.50","2,430.50","2,488.10","2,489.90","2,475.75","2,497.00","1,830.00","7,267,883","17,993,432,142.75","255,176"
"22-Sep-2021","EQ","2,408.00","2,442.00","2,398.25","2,404.70","2,430.80","2,430.50","2,426.47","2,480.00","1,830.00","5,074,612","12,313,409,794.10","179,090"
"21-Sep-2021","EQ","2,405.00","2,416.60","2,384.00","2,394.35","2,400.00","2,404.70","2,401.93","2,480.00","1,830.00","4,576,111","10,991,510,851.65","149,803"
"20-Sep-2021","EQ","2,372.10","2,418.35","2,370.00","2,390.55","2,391.85","2,394.35","2,398.57","2,480.00","1,830.00","5,436,385","13,039,553,487.25","171,011"
"17-Sep-2021","EQ","2,446.00","2,455.85","2,375.60","2,428.20","2,387.00","2,390.55","2,410.13","2,480.00","1,830.00","16,098,099","38,798,580,126.85","278,098"
"16-Sep-2021","EQ","2,381.55","2,436.75","2,367.00","2,378.30","2,424.00","2,428.20","2,408.55","2,480.00","1,830.00","6,206,657","14,949,050,569.95","214,010"
"15-Sep-2021","EQ","2,368.50","2,395.75","2,368.50","2,368.45","2,379.40","2,378.30","2,380.39","2,480.00","1,830.00","4,186,300","9,965,045,382.75","168,130"
"14-Sep-2021","EQ","2,375.00","2,394.00","2,366.00","2,371.55","2,370.50","2,368.45","2,377.55","2,480.00","1,830.00","4,111,205","9,774,584,167.80","153,291"
"13-Sep-2021","EQ","2,433.00","2,433.00","2,368.05","2,425.60","2,369.80","2,371.55","2,381.94","2,480.00","1,830.00","7,527,598","17,930,286,910.15","327,407"
"09-Sep-2021","EQ","2,427.90","2,437.85","2,416.10","2,431.35","2,424.10","2,425.60","2,424.34","2,480.00","1,830.00","4,136,538","10,028,369,652.20","194,645"
"08-Sep-2021","EQ","2,452.00","2,454.00","2,406.65","2,440.90","2,430.00","2,431.35","2,429.20","2,480.00","1,830.00","6,600,210","16,033,248,252.30","213,942"
"07-Sep-2021","EQ","2,430.00","2,458.00","2,412.00","2,425.60","2,439.00","2,440.90","2,437.65","2,480.00","1,830.00","8,006,968","19,518,192,088.85","256,461"
"06-Sep-2021","EQ","2,413.00","2,480.00","2,412.00","2,388.50","2,429.00","2,425.60","2,445.46","2,480.00","1,830.00","15,525,644","37,967,265,940.30","496,545"
"03-Sep-2021","EQ","2,310.00","2,395.00","2,302.50","2,294.40","2,389.65","2,388.50","2,356.29","2,395.00","1,830.00","14,151,629","33,345,403,715.90","446,968"
"02-Sep-2021","EQ","2,255.00","2,307.80","2,255.00","2,267.10","2,293.00","2,294.40","2,288.72","2,369.35","1,830.00","4,595,048","10,516,781,284.45","206,002"
"01-Sep-2021","EQ","2,273.00","2,292.90","2,263.00","2,258.15","2,266.00","2,267.10","2,274.28","2,369.35","1,830.00","5,143,640","11,698,056,162.60","173,178"
"31-Aug-2021","EQ","2,276.90","2,283.75","2,242.25","2,270.25","2,257.00","2,258.15","2,257.63","2,369.35","1,830.00","12,223,037","27,595,093,541.45","206,759"
"30-Aug-2021","EQ","2,250.00","2,275.85","2,236.80","2,227.40","2,273.75","2,270.25","2,261.25","2,369.35","1,830.00","6,473,487","14,638,152,005.70","206,768"
"27-Aug-2021","EQ","2,237.00","2,242.75","2,216.05","2,230.45","2,225.00","2,227.40","2,228.28","2,369.35","1,830.00","4,836,812","10,777,769,127.85","152,317"
"26-Aug-2021","EQ","2,208.00","2,244.90","2,205.00","2,202.60","2,232.00","2,230.45","2,230.28","2,369.35","1,830.00","8,579,105","19,133,818,233.65","248,660"
"25-Aug-2021","EQ","2,185.40","2,220.00","2,180.10","2,183.70","2,201.00","2,202.60","2,204.22","2,369.35","1,830.00","6,175,126","13,611,364,533.60","198,304"
"24-Aug-2021","EQ","2,165.05","2,192.00","2,155.60","2,162.35","2,178.00","2,183.70","2,174.28","2,369.35","1,830.00","5,475,452","11,905,165,196.90","173,479"
"23-Aug-2021","EQ","2,174.00","2,174.00","2,132.30","2,148.25","2,161.15","2,162.35","2,156.97","2,369.35","1,830.00","4,547,802","9,809,454,490.65","143,268"
"20-Aug-2021","EQ","2,143.00","2,172.00","2,137.00","2,172.65","2,140.10","2,148.25","2,155.63","2,369.35","1,830.00","4,350,228","9,377,502,601.90","147,112"
"18-Aug-2021","EQ","2,174.00","2,186.80","2,152.60","2,164.25","2,168.00","2,172.65","2,170.19","2,369.35","1,830.00","4,650,008","10,091,414,052.70","146,613"
"17-Aug-2021","EQ","2,168.85","2,185.20","2,147.85","2,173.50","2,163.00","2,164.25","2,167.16","2,369.35","1,830.00","5,841,743","12,659,986,994.25","190,350"
"16-Aug-2021","EQ","2,149.35","2,203.00","2,128.15","2,145.65","2,169.00","2,173.50","2,177.41","2,369.35","1,830.00","10,123,204","22,042,343,431.70","290,119"
"13-Aug-2021","EQ","2,117.30","2,149.90","2,108.95","2,110.50","2,143.00","2,145.65","2,132.45","2,369.35","1,830.00","5,898,384","12,578,027,784.10","187,810"
"12-Aug-2021","EQ","2,124.90","2,126.20","2,105.00","2,117.30","2,109.80","2,110.50","2,115.11","2,369.35","1,830.00","3,755,507","7,943,326,100.05","114,345"
"11-Aug-2021","EQ","2,096.95","2,120.00","2,083.40","2,088.05","2,115.00","2,117.30","2,103.58","2,369.35","1,830.00","4,238,859","8,916,794,682.95","138,291"
"10-Aug-2021","EQ","2,082.00","2,113.00","2,073.75","2,077.15","2,085.00","2,088.05","2,095.18","2,369.35","1,830.00","5,500,708","11,524,960,575.40","171,235"
"09-Aug-2021","EQ","2,081.00","2,089.80","2,066.50","2,089.05","2,078.50","2,077.15","2,075.98","2,369.35","1,830.00","3,458,546","7,179,873,286.45","147,892"
"06-Aug-2021","EQ","2,129.95","2,146.95","2,078.75","2,134.25","2,090.00","2,089.05","2,101.07","2,369.35","1,830.00","7,670,583","16,116,399,922.15","225,682"
"05-Aug-2021","EQ","2,114.30","2,154.80","2,104.25","2,103.75","2,131.00","2,134.25","2,127.24","2,369.35","1,830.00","9,807,831","20,863,638,485.35","249,218"
"04-Aug-2021","EQ","2,094.40","2,114.00","2,087.00","2,087.75","2,105.00","2,103.75","2,103.18","2,369.35","1,830.00","6,077,861","12,782,821,702.95","188,340"
"03-Aug-2021","EQ","2,090.00","2,091.00","2,064.20","2,072.50","2,090.00","2,087.75","2,078.84","2,369.35","1,830.00","5,453,682","11,337,335,626.50","137,882"
"02-Aug-2021","EQ","2,054.30","2,079.40","2,041.15","2,035.30","2,068.50","2,072.50","2,067.46","2,369.35","1,830.00","5,041,934","10,424,020,795.65","164,715"
"30-Jul-2021","EQ","2,058.00","2,067.95","2,031.10","2,053.25","2,037.00","2,035.30","2,049.03","2,369.35","1,830.00","5,238,304","10,733,444,604.55","158,088"
"29-Jul-2021","EQ","2,054.00","2,074.40","2,043.40","2,037.35","2,054.30","2,053.25","2,057.20","2,369.35","1,830.00","6,352,886","13,069,140,427.40","203,791"
"28-Jul-2021","EQ","2,058.00","2,058.00","2,016.25","2,055.00","2,035.00","2,037.35","2,033.86","2,369.35","1,830.00","5,952,355","12,106,241,436.45","222,240"
"27-Jul-2021","EQ","2,076.80","2,083.70","2,042.00","2,076.85","2,054.00","2,055.00","2,062.00","2,369.35","1,830.00","4,995,516","10,300,736,942.35","196,342"
"26-Jul-2021","EQ","2,108.00","2,121.00","2,071.10","2,105.70","2,073.90","2,076.85","2,092.34","2,369.35","1,830.00","5,717,830","11,963,623,196.15","193,266"
"23-Jul-2021","EQ","2,134.45","2,134.45","2,102.05","2,120.70","2,104.00","2,105.70","2,119.06","2,369.35","1,830.00","4,585,938","9,717,885,501.10","143,981"
"22-Jul-2021","EQ","2,119.00","2,123.90","2,098.15","2,093.80","2,121.50","2,120.70","2,111.60","2,369.35","1,830.00","3,679,260","7,769,110,029.90","133,510"
"20-Jul-2021","EQ","2,099.50","2,108.00","2,084.00","2,098.95","2,089.95","2,093.80","2,097.18","2,369.35","1,830.00","3,111,185","6,524,718,783.00","105,619"
"19-Jul-2021","EQ","2,100.00","2,124.00","2,092.25","2,112.40","2,097.95","2,098.95","2,108.57","2,369.35","1,830.00","3,855,577","8,129,763,377.95","129,037"
"16-Jul-2021","EQ","2,087.75","2,114.75","2,087.60","2,082.35","2,110.00","2,112.40","2,104.60","2,369.35","1,798.00","4,074,206","8,574,569,194.50","126,660"
"15-Jul-2021","EQ","2,095.00","2,095.00","2,078.50","2,086.00","2,080.75","2,082.35","2,086.62","2,369.35","1,798.00","4,360,415","9,098,550,274.55","148,981"
"14-Jul-2021","EQ","2,100.35","2,106.85","2,081.25","2,099.70","2,083.55","2,086.00","2,090.03","2,369.35","1,798.00","3,937,768","8,230,064,622.00","169,306"
"13-Jul-2021","EQ","2,100.00","2,103.05","2,088.05","2,084.10","2,099.00","2,099.70","2,097.12","2,369.35","1,798.00","3,099,956","6,500,981,050.55","106,030"
"12-Jul-2021","EQ","2,079.75","2,101.50","2,074.50","2,071.20","2,081.95","2,084.10","2,088.16","2,369.35","1,798.00","3,962,111","8,273,507,305.50","140,597"
"09-Jul-2021","EQ","2,088.00","2,091.70","2,066.10","2,092.60","2,071.95","2,071.20","2,074.82","2,369.35","1,786.25","4,170,886","8,653,818,441.75","169,203"
"08-Jul-2021","EQ","2,116.95","2,116.95","2,081.00","2,110.05","2,091.00","2,092.60","2,097.58","2,369.35","1,786.25","5,162,088","10,827,897,142.35","223,120"
"07-Jul-2021","EQ","2,127.75","2,127.75","2,098.00","2,124.80","2,112.00","2,110.05","2,109.85","2,369.35","1,786.25","4,824,931","10,179,875,556.55","227,151"
"06-Jul-2021","EQ","2,144.95","2,148.90","2,120.20","2,150.20","2,127.85","2,124.80","2,136.74","2,369.35","1,786.25","4,647,361","9,930,224,311.45","125,408"
"05-Jul-2021","EQ","2,136.45","2,153.55","2,131.50","2,129.05","2,150.00","2,150.20","2,145.57","2,369.35","1,786.25","5,400,604","11,587,348,896.60","175,055"
"02-Jul-2021","EQ","2,097.00","2,132.90","2,092.95","2,097.95","2,131.55","2,129.05","2,120.31","2,369.35","1,695.55","6,500,973","13,784,074,726.20","187,794"
"01-Jul-2021","EQ","2,118.00","2,123.15","2,095.00","2,110.65","2,101.50","2,097.95","2,109.37","2,369.35","1,695.55","5,784,627","12,201,907,893.30","196,897"
"30-Jun-2021","EQ","2,096.25","2,122.65","2,091.05","2,087.80","2,112.00","2,110.65","2,107.86","2,369.35","1,695.55","9,120,556","19,224,881,425.10","251,722"
"29-Jun-2021","EQ","2,089.50","2,109.00","2,084.10","2,086.00","2,090.00","2,087.80","2,091.92","2,369.35","1,695.55","12,526,981","26,205,456,482.80","267,376"
"28-Jun-2021","EQ","2,122.00","2,126.50","2,081.00","2,104.45","2,089.00","2,086.00","2,100.31","2,369.35","1,695.55","9,357,852","19,654,379,828.10","286,857"
"25-Jun-2021","EQ","2,153.50","2,153.50","2,081.10","2,153.50","2,104.50","2,104.45","2,106.02","2,369.35","1,695.55","25,546,334","53,801,077,040.15","629,847"
"24-Jun-2021","EQ","2,206.85","2,214.60","2,140.00","2,205.35","2,147.80","2,153.50","2,174.85","2,369.35","1,695.55","42,209,687","91,799,804,632.60","755,278"
"23-Jun-2021","EQ","2,250.00","2,250.60","2,201.70","2,225.75","2,208.15","2,205.35","2,217.44","2,369.35","1,695.55","7,685,796","17,042,762,228.55","214,835"
"22-Jun-2021","EQ","2,254.00","2,261.00","2,219.35","2,237.25","2,225.00","2,225.75","2,245.45","2,369.35","1,695.55","5,940,386","13,338,860,847.10","180,362"
"21-Jun-2021","EQ","2,203.50","2,247.50","2,200.15","2,225.65","2,238.95","2,237.25","2,225.60","2,369.35","1,695.55","5,624,044","12,516,852,291.50","180,220"
"18-Jun-2021","EQ","2,225.50","2,235.00","2,184.35","2,215.65","2,224.15","2,225.65","2,216.48","2,369.35","1,561.10","13,553,801","30,041,725,159.95","221,167"
"17-Jun-2021","EQ","2,200.00","2,235.00","2,179.90","2,211.60","2,214.15","2,215.65","2,212.43","2,369.35","1,561.10","7,266,765","16,077,176,562.55","225,832"
"16-Jun-2021","EQ","2,244.90","2,247.05","2,205.85","2,250.00","2,209.55","2,211.60","2,223.78","2,369.35","1,561.10","4,982,975","11,081,047,107.15","163,887"
"15-Jun-2021","EQ","2,261.00","2,274.90","2,240.30","2,244.90","2,244.00","2,250.00","2,257.44","2,369.35","1,561.10","7,002,898","15,808,611,100.25","215,805"
"14-Jun-2021","EQ","2,215.00","2,258.25","2,195.05","2,213.15","2,245.00","2,244.90","2,232.14","2,369.35","1,561.10","9,383,416","20,945,097,794.90","284,426"
"11-Jun-2021","EQ","2,182.90","2,228.00","2,180.10","2,183.00","2,215.80","2,213.15","2,214.24","2,369.35","1,497.00","6,351,520","14,063,817,595.10","226,319"
"10-Jun-2021","EQ","2,193.40","2,230.00","2,177.55","2,175.00","2,184.80","2,183.00","2,199.39","2,369.35","1,497.00","6,532,832","14,368,272,855.15","215,752"
"09-Jun-2021","EQ","2,219.00","2,221.00","2,157.95","2,214.60","2,178.00","2,175.00","2,189.57","2,369.35","1,497.00","5,265,326","11,528,803,336.15","167,739"
"08-Jun-2021","EQ","2,226.60","2,227.15","2,198.15","2,227.40","2,211.50","2,214.60","2,213.34","2,369.35","1,497.00","4,464,889","9,882,332,305.85","147,771"
"07-Jun-2021","EQ","2,202.00","2,242.00","2,185.00","2,190.50","2,225.05","2,227.40","2,214.78","2,369.35","1,497.00","7,539,326","16,697,958,781.50","227,808"
"04-Jun-2021","EQ","2,214.80","2,216.45","2,184.25","2,209.65","2,186.90","2,190.50","2,197.67","2,369.35","1,475.95","6,677,278","14,674,474,225.95","219,435"
"03-Jun-2021","EQ","2,221.00","2,250.00","2,196.10","2,201.25","2,208.00","2,209.65","2,221.49","2,369.35","1,475.95","11,064,116","24,578,878,322.80","341,728"
"02-Jun-2021","EQ","2,157.00","2,209.50","2,157.00","2,168.90","2,207.00","2,201.25","2,178.64","2,369.35","1,475.95","11,366,816","24,764,187,584.75","258,490"
"01-Jun-2021","EQ","2,166.00","2,202.00","2,146.50","2,160.30","2,164.30","2,168.90","2,176.52","2,369.35","1,475.95","12,928,379","28,138,892,609.00","390,299"
"31-May-2021","EQ","2,102.00","2,191.70","2,085.05","2,094.80","2,153.50","2,160.30","2,154.29","2,369.35","1,475.95","27,285,782","58,781,421,578.65","624,166"
"28-May-2021","EQ","1,990.00","2,105.00","1,990.00","1,976.10","2,094.45","2,094.80","2,067.42","2,369.35","1,412.00","26,060,864","53,878,791,589.65","642,384"
"27-May-2021","EQ","1,970.30","1,993.00","1,962.25","1,970.05","1,990.00","1,976.10","1,977.57","2,369.35","1,412.00","12,377,100","24,476,588,080.35","219,255"
"26-May-2021","EQ","1,975.00","1,979.50","1,965.30","1,963.15","1,967.00","1,970.05","1,972.33","2,369.35","1,412.00","3,452,113","6,808,700,908.60","118,469"
"25-May-2021","EQ","1,996.40","1,997.00","1,960.00","1,985.65","1,964.00","1,963.15","1,974.34","2,369.35","1,412.00","6,821,015","13,466,976,071.40","208,558"
"24-May-2021","EQ","2,008.00","2,009.80","1,982.00","2,002.55","1,985.05","1,985.65","1,994.09","2,369.35","1,412.00","3,946,636","7,869,936,694.65","130,059"
"21-May-2021","EQ","1,992.00","2,009.60","1,986.00","1,985.40","1,999.60","2,002.55","1,999.87","2,369.35","1,393.00","4,977,555","9,954,441,992.30","182,141"
"20-May-2021","EQ","1,997.90","2,010.90","1,981.00","1,997.05","1,982.00","1,985.40","1,991.75","2,369.35","1,393.00","5,271,497","10,499,527,489.65","158,144"
"19-May-2021","EQ","1,980.00","2,016.45","1,972.00","1,987.95","1,993.00","1,997.05","1,998.55","2,369.35","1,393.00","7,530,294","15,049,677,721.40","198,257"
"18-May-2021","EQ","1,981.00","2,002.60","1,972.50","1,960.35","1,986.00","1,987.95","1,987.92","2,369.35","1,393.00","5,567,958","11,068,682,258.50","184,906"
"17-May-2021","EQ","1,937.30","1,963.45","1,930.40","1,937.30","1,958.85","1,960.35","1,950.25","2,369.35","1,393.00","5,479,424","10,686,267,806.30","164,252"
"14-May-2021","EQ","1,928.05","1,942.00","1,906.00","1,913.15","1,937.00","1,937.30","1,925.20","2,369.35","1,393.00","6,134,079","11,809,311,727.55","227,142"
"12-May-2021","EQ","1,930.10","1,932.90","1,907.00","1,933.15","1,913.05","1,913.15","1,915.34","2,369.35","1,393.00","6,081,627","11,648,380,362.00","212,378"
"11-May-2021","EQ","1,915.00","1,938.55","1,910.00","1,926.20","1,933.90","1,933.15","1,929.40","2,369.35","1,393.00","6,220,217","12,001,288,654.20","175,976"
"10-May-2021","EQ","1,939.00","1,946.80","1,920.95","1,931.75","1,927.10","1,926.20","1,932.02","2,369.35","1,393.00","6,433,879","12,430,361,106.65","197,986"
"07-May-2021","EQ","1,937.75","1,955.65","1,926.00","1,931.00","1,926.80","1,931.75","1,940.01","2,369.35","1,393.00","5,671,163","11,002,130,529.15","188,670"
"06-May-2021","EQ","1,921.85","1,935.00","1,906.60","1,920.10","1,932.00","1,931.00","1,920.95","2,369.35","1,393.00","6,749,281","12,965,019,708.85","221,666"
"05-May-2021","EQ","1,923.35","1,938.50","1,908.05","1,916.60","1,921.50","1,920.10","1,923.26","2,369.35","1,393.00","5,719,649","11,000,363,969.30","190,990"
"04-May-2021","EQ","1,950.00","1,967.80","1,911.00","1,959.05","1,918.00","1,916.60","1,935.83","2,369.35","1,393.00","10,083,693","19,520,330,406.15","325,798"
"03-May-2021","EQ","1,966.00","1,979.00","1,943.10","1,994.50","1,956.00","1,959.05","1,958.46","2,369.35","1,393.00","10,909,942","21,366,639,469.15","343,806"
"30-Apr-2021","EQ","2,008.50","2,036.00","1,987.55","2,024.05","1,995.90","1,994.50","2,010.20","2,369.35","1,392.15","9,150,974","18,395,321,175.10","288,687"
"29-Apr-2021","EQ","2,022.90","2,044.50","2,007.30","1,997.30","2,020.00","2,024.05","2,024.21","2,369.35","1,392.15","8,035,915","16,266,339,428.25","213,153"
"28-Apr-2021","EQ","1,997.85","2,008.00","1,980.15","1,988.65","1,993.15","1,997.30","1,997.60","2,369.35","1,392.15","7,902,002","15,785,076,087.60","247,331"
"27-Apr-2021","EQ","1,940.00","1,997.20","1,938.25","1,937.85","1,990.00","1,988.65","1,978.64","2,369.35","1,392.15","9,226,547","18,256,021,294.40","291,197"
"26-Apr-2021","EQ","1,920.00","1,962.00","1,911.50","1,904.35","1,938.00","1,937.85","1,941.32","2,369.35","1,392.15","9,620,785","18,676,994,629.30","259,137"
"23-Apr-2021","EQ","1,906.00","1,918.90","1,895.35","1,906.40","1,903.35","1,904.35","1,907.47","2,369.35","1,164.00","5,459,016","10,412,893,969.95","171,621"
"22-Apr-2021","EQ","1,892.25","1,914.45","1,876.70","1,901.15","1,905.10","1,906.40","1,898.59","2,369.35","1,164.00","6,687,573","12,696,948,264.60","209,895"
"20-Apr-2021","EQ","1,910.50","1,919.00","1,890.45","1,901.70","1,905.00","1,901.15","1,906.74","2,369.35","1,164.00","7,939,490","15,138,541,714.75","202,431"
"19-Apr-2021","EQ","1,904.00","1,916.40","1,890.00","1,932.10","1,903.05","1,901.70","1,902.57","2,369.35","1,164.00","8,527,967","16,225,059,561.75","271,570"
"16-Apr-2021","EQ","1,936.60","1,949.90","1,926.45","1,944.30","1,929.00","1,932.10","1,935.23","2,369.35","1,143.00","7,225,679","13,983,364,354.95","206,958"
"15-Apr-2021","EQ","1,926.30","1,961.00","1,913.00","1,931.80","1,943.00","1,944.30","1,933.33","2,369.35","1,143.00","9,102,492","17,598,148,869.55","189,159"
"13-Apr-2021","EQ","1,924.00","1,940.60","1,917.85","1,911.15","1,932.30","1,931.80","1,931.39","2,369.35","1,143.00","8,958,261","17,301,890,369.20","206,237"
"12-Apr-2021","EQ","1,959.00","1,961.40","1,900.25","1,982.05","1,915.65","1,911.15","1,922.99","2,369.35","1,143.00","9,646,031","18,549,212,834.60","330,605"
"09-Apr-2021","EQ","1,998.45","2,006.35","1,980.00","2,005.35","1,983.45","1,982.05","1,989.08","2,369.35","1,100.00","6,478,482","12,886,234,947.40","234,390"
"08-Apr-2021","EQ","2,011.00","2,022.00","1,993.00","2,002.85","2,006.40","2,005.35","2,006.16","2,369.35","1,100.00","7,092,878","14,229,431,685.15","191,800"
"07-Apr-2021","EQ","2,000.00","2,046.90","1,993.30","1,984.30","2,001.55","2,002.85","2,019.21","2,369.35","1,100.00","11,198,918","22,613,014,349.45","286,779"
"06-Apr-2021","EQ","2,004.00","2,004.95","1,969.00","1,992.60","1,986.20","1,984.30","1,984.99","2,369.35","1,100.00","6,465,241","12,833,469,592.40","209,903"
"05-Apr-2021","EQ","2,024.95","2,025.00","1,962.10","2,021.85","1,992.00","1,992.60","1,986.24","2,369.35","1,100.00","6,864,856","13,635,237,475.50","246,459"
"01-Apr-2021","EQ","2,018.00","2,030.00","2,003.15","2,003.10","2,020.00","2,021.85","2,017.89","2,369.35","1,020.00","5,410,307","10,917,411,938.75","140,946"
"31-Mar-2021","EQ","2,018.00","2,049.90","1,999.00","2,029.30","2,005.65","2,003.10","2,017.21","2,369.35","1,020.00","7,499,740","15,128,527,745.25","193,340"
"30-Mar-2021","EQ","2,008.00","2,048.90","1,991.55","1,994.65","2,031.90","2,029.30","2,026.44","2,369.35","1,020.00","9,433,850","19,117,149,421.75","230,499"
"26-Mar-2021","EQ","2,012.00","2,013.70","1,973.70","1,991.45","1,994.00","1,994.65","1,995.09","2,369.35","875.65","9,313,160","18,580,559,230.90","296,946"
"25-Mar-2021","EQ","2,054.00","2,054.00","1,985.00","2,047.30","1,993.95","1,991.45","2,011.25","2,369.35","875.65","10,153,757","20,421,743,790.45","292,881"
"24-Mar-2021","EQ","2,079.75","2,079.75","2,040.40","2,087.50","2,048.55","2,047.30","2,055.87","2,369.35","875.65","7,763,726","15,961,211,345.55","222,445"
"23-Mar-2021","EQ","2,061.95","2,109.70","2,056.00","2,062.40","2,079.90","2,087.50","2,086.63","2,369.35","875.65","8,039,865","16,776,188,634.65","220,527"
"22-Mar-2021","EQ","2,071.00","2,074.00","2,033.20","2,082.00","2,061.00","2,062.40","2,050.93","2,369.35","875.65","8,571,196","17,578,960,666.30","234,534"
"19-Mar-2021","EQ","1,991.00","2,095.85","1,982.80","2,009.10","2,078.10","2,082.00","2,047.50","2,369.35","875.65","19,284,892","39,485,840,254.00","431,829"
"18-Mar-2021","EQ","2,072.90","2,084.80","2,001.00","2,055.35","2,010.00","2,009.10","2,038.79","2,369.35","875.65","9,528,809","19,427,231,150.25","295,771"
"17-Mar-2021","EQ","2,098.05","2,103.00","2,035.10","2,100.60","2,054.50","2,055.35","2,065.89","2,369.35","875.65","8,865,521","18,315,233,171.30","241,456"
"16-Mar-2021","EQ","2,114.00","2,126.00","2,095.50","2,108.90","2,100.75","2,100.60","2,107.19","2,369.35","875.65","6,402,757","13,491,841,404.75","235,823"
"15-Mar-2021","EQ","2,140.05","2,148.90","2,080.50","2,137.60","2,105.00","2,108.90","2,103.37","2,369.35","875.65","7,706,302","16,209,190,175.60","268,696"
"12-Mar-2021","EQ","2,195.00","2,206.40","2,123.90","2,181.95","2,136.90","2,137.60","2,160.60","2,369.35","875.65","7,783,173","16,816,345,899.25","244,889"
"10-Mar-2021","EQ","2,207.00","2,215.10","2,170.25","2,191.05","2,179.40","2,181.95","2,187.67","2,369.35","875.65","5,316,182","11,630,074,902.15","163,700"
"09-Mar-2021","EQ","2,200.00","2,213.80","2,146.60","2,191.10","2,190.55","2,191.05","2,181.47","2,369.35","875.65","6,993,792","15,256,736,215.60","227,932"
"08-Mar-2021","EQ","2,168.50","2,231.90","2,168.00","2,178.70","2,193.00","2,191.10","2,205.66","2,369.35","875.65","9,002,404","19,856,244,553.30","300,037"
"05-Mar-2021","EQ","2,156.00","2,211.95","2,153.05","2,175.85","2,174.55","2,178.70","2,184.35","2,369.35","875.65","11,773,630","25,717,685,129.45","312,784"
"04-Mar-2021","EQ","2,180.00","2,189.95","2,157.70","2,202.10","2,174.00","2,175.85","2,175.57","2,369.35","875.65","9,892,597","21,522,070,320.90","259,806"
"03-Mar-2021","EQ","2,121.05","2,219.90","2,107.20","2,106.00","2,207.10","2,202.10","2,161.54","2,369.35","875.65","14,733,134","31,846,213,370.25","326,092"
"02-Mar-2021","EQ","2,122.00","2,130.00","2,089.10","2,101.70","2,108.00","2,106.00","2,107.78","2,369.35","875.65","7,915,073","16,683,250,358.50","244,565"
"01-Mar-2021","EQ","2,110.20","2,112.00","2,062.50","2,085.80","2,103.00","2,101.70","2,092.87","2,369.35","875.65","8,159,670","17,077,101,153.20","266,082"
"26-Feb-2021","EQ","2,117.00","2,133.90","2,070.70","2,144.35","2,079.50","2,085.80","2,096.69","2,369.35","875.65","17,297,575","36,267,601,929.10","489,066"
"25-Feb-2021","EQ","2,076.00","2,152.00","2,073.00","2,061.00","2,147.00","2,144.35","2,120.59","2,369.35","875.65","16,085,897","34,111,575,087.70","452,535"
"24-Feb-2021","EQ","2,030.00","2,065.25","2,026.15","2,023.45","2,060.55","2,061.00","2,048.89","2,369.35","875.65","4,987,735","10,219,330,132.75","135,224"
"23-Feb-2021","EQ","2,048.00","2,052.90","2,013.60","2,008.10","2,026.15","2,023.45","2,034.50","2,369.35","875.65","11,834,752","24,077,795,769.25","275,466"
"22-Feb-2021","EQ","2,080.00","2,089.90","1,994.95","2,080.30","1,999.10","2,008.10","2,036.88","2,369.35","875.65","10,985,697","22,376,599,862.25","309,112"
"19-Feb-2021","EQ","2,057.00","2,104.95","2,053.30","2,067.70","2,080.00","2,080.30","2,088.14","2,369.35","875.65","10,800,704","22,553,356,631.00","279,181"
"18-Feb-2021","EQ","2,085.00","2,108.40","2,059.10","2,083.25","2,063.50","2,067.70","2,085.18","2,369.35","875.65","8,605,531","17,944,045,241.05","228,157"
"17-Feb-2021","EQ","2,060.00","2,095.95","2,050.60","2,059.50","2,079.20","2,083.25","2,076.99","2,369.35","875.65","10,957,388","22,758,423,346.25","257,784"
"16-Feb-2021","EQ","2,039.75","2,079.40","2,035.00","2,032.60","2,058.50","2,059.50","2,061.23","2,369.35","875.65","9,886,093","20,377,537,336.50","274,329"
"15-Feb-2021","EQ","2,048.05","2,061.30","2,025.00","2,041.60","2,034.00","2,032.60","2,043.13","2,369.35","875.65","7,287,590","14,889,502,308.25","222,500"
"12-Feb-2021","EQ","2,055.50","2,078.00","2,015.40","2,055.70","2,040.00","2,041.60","2,049.91","2,369.35","875.65","14,074,374","28,851,163,932.35","369,938"
"11-Feb-2021","EQ","1,980.00","2,064.20","1,972.25","1,974.30","2,061.80","2,055.70","2,028.11","2,369.35","875.65","19,631,870","39,815,594,030.25","546,129"
"10-Feb-2021","EQ","1,953.75","1,984.75","1,927.30","1,956.15","1,980.35","1,974.30","1,955.63","2,369.35","875.65","9,799,560","19,164,292,386.25","288,994"
"09-Feb-2021","EQ","1,961.95","1,989.60","1,952.30","1,951.45","1,954.50","1,956.15","1,974.29","2,369.35","875.65","9,047,308","17,861,994,119.30","254,384"
"08-Feb-2021","EQ","1,933.05","1,969.00","1,929.05","1,923.75","1,951.40","1,951.45","1,954.84","2,369.35","875.65","9,776,136","19,110,816,694.80","287,247"
"05-Feb-2021","EQ","1,930.05","1,944.65","1,920.00","1,924.30","1,924.30","1,923.75","1,929.36","2,369.35","875.65","9,344,470","18,028,883,267.50","263,144"
"04-Feb-2021","EQ","1,924.00","1,940.00","1,905.00","1,930.65","1,921.50","1,924.30","1,923.71","2,369.35","875.65","11,826,848","22,751,381,754.25","332,784"
"03-Feb-2021","EQ","1,928.30","1,952.00","1,900.00","1,925.80","1,928.50","1,930.65","1,931.87","2,369.35","875.65","13,984,228","27,015,673,442.65","345,625"
"02-Feb-2021","EQ","1,914.25","1,940.00","1,854.95","1,895.30","1,936.00","1,925.80","1,889.81","2,369.35","875.65","19,138,414","36,168,052,850.90","561,567"
"01-Feb-2021","EQ","1,859.40","1,905.00","1,848.00","1,841.95","1,898.15","1,895.30","1,874.03","2,369.35","875.65","15,774,504","29,561,820,671.20","370,120"
"29-Jan-2021","EQ","1,894.30","1,913.10","1,830.00","1,876.55","1,844.95","1,841.95","1,871.72","2,369.35","875.65","20,173,258","37,758,612,331.50","472,678"
"28-Jan-2021","EQ","1,880.15","1,923.30","1,870.00","1,895.00","1,876.35","1,876.55","1,895.32","2,369.35","875.65","15,722,291","29,798,806,093.70","446,576"
"27-Jan-2021","EQ","1,925.00","1,925.00","1,888.00","1,941.00","1,890.00","1,895.00","1,904.59","2,369.35","875.65","19,553,809","37,241,980,448.40","637,355"
"25-Jan-2021","EQ","2,034.95","2,034.95","1,932.00","2,049.60","1,935.15","1,941.00","1,966.36","2,369.35","875.65","25,016,570","49,191,602,456.10","723,194"
"22-Jan-2021","EQ","2,111.00","2,115.35","2,035.15","2,099.40","2,047.95","2,049.60","2,070.96","2,369.35","875.65","14,090,818","29,181,582,565.45","388,593"
"21-Jan-2021","EQ","2,082.00","2,120.00","2,075.00","2,054.70","2,107.00","2,099.40","2,102.61","2,369.35","875.65","18,038,987","37,928,961,934.60","483,168"
"20-Jan-2021","EQ","2,021.40","2,058.00","2,001.40","2,016.40","2,053.00","2,054.70","2,036.58","2,369.35","875.65","14,271,669","29,065,337,315.85","456,106"
"19-Jan-2021","EQ","1,994.65","2,031.00","1,994.65","1,983.95","2,015.00","2,016.40","2,018.21","2,369.35","875.65","14,771,048","29,811,112,716.20","411,707"
"18-Jan-2021","EQ","1,949.10","1,997.00","1,923.35","1,937.45","1,972.80","1,983.95","1,967.71","2,369.35","875.65","16,198,856","31,874,686,564.55","399,642"
"15-Jan-2021","EQ","1,960.60","1,973.80","1,920.05","1,960.60","1,937.90","1,937.45","1,952.72","2,369.35","875.65","9,503,790","18,558,204,988.20","264,152"
"14-Jan-2021","EQ","1,945.00","1,966.90","1,939.05","1,938.80","1,958.10","1,960.60","1,957.17","2,369.35","875.65","9,946,818","19,467,651,412.35","287,671"
"13-Jan-2021","EQ","1,963.55","1,974.95","1,918.45","1,957.05","1,936.00","1,938.80","1,948.25","2,369.35","875.65","12,284,876","23,934,034,447.75","304,901"
"12-Jan-2021","EQ","1,903.00","1,960.00","1,899.90","1,897.25","1,955.50","1,957.05","1,935.51","2,369.35","875.65","18,996,047","36,766,988,575.55","417,387"
"11-Jan-2021","EQ","1,938.80","1,938.80","1,892.50","1,933.70","1,899.00","1,897.25","1,910.26","2,369.35","875.65","15,371,556","29,363,709,013.00","479,137"
"08-Jan-2021","EQ","1,918.00","1,938.40","1,912.10","1,911.15","1,934.00","1,933.70","1,923.06","2,369.35","875.65","12,709,792","24,441,751,752.65","270,966"
"07-Jan-2021","EQ","1,920.50","1,945.00","1,905.15","1,914.25","1,912.80","1,911.15","1,919.86","2,369.35","875.65","14,918,406","28,641,263,321.10","454,695"
"06-Jan-2021","EQ","1,965.90","1,966.00","1,905.15","1,966.10","1,915.50","1,914.25","1,928.17","2,369.35","875.65","21,414,270","41,290,368,153.15","659,284"
"05-Jan-2021","EQ","1,969.00","1,983.60","1,956.00","1,990.85","1,965.00","1,966.10","1,968.87","2,369.35","875.65","11,132,803","21,919,019,062.85","300,233"
"04-Jan-2021","EQ","1,995.10","1,998.90","1,968.00","1,987.50","1,990.25","1,990.85","1,982.61","2,369.35","875.65","11,312,992","22,429,227,856.70","316,871"
"01-Jan-2021","EQ","1,988.00","1,997.00","1,982.00","1,985.30","1,988.00","1,987.50","1,989.50","2,369.35","875.65","4,622,002","9,195,480,292.00","139,680"
"31-Dec-2020","EQ","1,993.50","2,011.90","1,978.60","1,995.50","1,981.80","1,985.30","1,995.67","2,369.35","875.65","8,667,516","17,297,504,921.30","226,094"
"30-Dec-2020","EQ","1,995.25","2,007.20","1,975.55","1,990.05","1,994.35","1,995.50","1,991.60","2,369.35","875.65","10,173,132","20,260,786,998.35","234,486"
"29-Dec-2020","EQ","2,009.00","2,012.30","1,982.55","2,003.30","1,987.00","1,990.05","1,992.97","2,369.35","875.65","8,589,407","17,118,416,326.30","242,433"
"28-Dec-2020","EQ","2,006.70","2,018.00","1,995.30","1,994.15","2,002.00","2,003.30","2,006.71","2,369.35","875.65","7,947,719","15,948,771,620.10","214,898"
"24-Dec-2020","EQ","1,947.00","1,998.80","1,945.90","1,943.85","1,992.95","1,994.15","1,976.20","2,369.35","875.65","9,588,577","18,948,962,895.70","250,116"
"23-Dec-2020","EQ","1,930.00","1,951.45","1,920.65","1,936.70","1,947.00","1,943.85","1,938.16","2,369.35","875.65","8,999,898","17,443,231,403.30","282,444"
"22-Dec-2020","EQ","1,949.00","1,958.90","1,888.45","1,939.70","1,935.00","1,936.70","1,921.80","2,369.35","875.65","12,986,606","24,957,654,770.30","374,827"
"21-Dec-2020","EQ","2,010.00","2,022.00","1,855.25","1,991.55","1,935.00","1,939.70","1,976.82","2,369.35","875.65","20,368,545","40,264,899,448.00","514,099"
"18-Dec-2020","EQ","1,980.10","2,004.90","1,965.00","1,985.60","1,998.10","1,991.55","1,981.58","2,369.35","875.65","8,522,215","16,887,433,569.45","226,069"
"17-Dec-2020","EQ","1,984.50","2,005.00","1,977.15","1,976.55","1,985.50","1,985.60","1,989.37","2,369.35","875.65","9,346,460","18,593,553,236.80","280,068"
"16-Dec-2020","EQ","1,988.00","1,994.95","1,965.70","1,974.35","1,977.55","1,976.55","1,977.57","2,369.35","875.65","8,565,904","16,939,660,870.95","233,001"
"15-Dec-2020","EQ","1,989.70","1,989.70","1,961.10","1,991.30","1,973.60","1,974.35","1,973.54","2,369.35","875.65","8,561,406","16,896,273,508.60","240,918"
"14-Dec-2020","EQ","2,007.95","2,015.00","1,986.35","2,005.80","1,993.50","1,991.30","1,997.46","2,369.35","875.65","7,989,830","15,959,361,790.30","248,928"
"11-Dec-2020","EQ","2,013.00","2,038.00","1,974.25","2,007.00","1,999.40","2,005.80","2,015.50","2,369.35","875.65","12,434,745","25,062,187,257.95","265,002"
"10-Dec-2020","EQ","2,021.60","2,028.50","2,001.00","2,026.95","2,008.00","2,007.00","2,010.18","2,369.35","875.65","7,414,229","14,903,949,695.80","212,910"
"09-Dec-2020","EQ","2,009.95","2,033.80","1,999.25","1,993.75","2,026.00","2,026.95","2,019.89","2,369.35","875.65","13,464,375","27,196,561,520.30","303,801"
"08-Dec-2020","EQ","1,961.15","2,014.25","1,950.00","1,958.20","1,992.45","1,993.75","1,995.12","2,369.35","875.65","20,030,506","39,963,227,133.60","460,158"
"07-Dec-2020","EQ","1,940.60","1,965.00","1,940.60","1,946.75","1,958.35","1,958.20","1,955.62","2,369.35","875.65","8,418,767","16,463,893,633.45","267,040"
"04-Dec-2020","EQ","1,969.00","1,969.00","1,940.00","1,964.05","1,947.70","1,946.75","1,948.72","2,369.35","875.65","8,521,388","16,605,763,758.95","286,109"
"03-Dec-2020","EQ","1,972.00","1,981.10","1,958.65","1,958.15","1,960.80","1,964.05","1,969.94","2,369.35","875.65","12,822,945","25,260,374,206.80","270,788"
"02-Dec-2020","EQ","1,958.50","1,962.00","1,935.00","1,954.90","1,959.00","1,958.15","1,947.77","2,369.35","875.65","10,240,168","19,945,469,659.25","236,641"
"01-Dec-2020","EQ","1,940.35","1,966.25","1,930.05","1,929.80","1,954.10","1,954.90","1,950.09","2,369.35","875.65","9,114,939","17,774,977,230.85","272,346"
"27-Nov-2020","EQ","1,940.50","1,956.10","1,921.40","1,952.60","1,940.50","1,929.80","1,935.45","2,369.35","875.65","21,845,931","42,281,637,552.75","314,085"
"26-Nov-2020","EQ","1,953.05","1,965.00","1,930.05","1,947.80","1,957.00","1,952.60","1,946.67","2,369.35","875.65","11,924,527","23,213,094,743.90","266,412"
"25-Nov-2020","EQ","1,980.00","1,992.95","1,942.20","1,964.05","1,947.50","1,947.80","1,969.06","2,369.35","875.65","15,062,376","29,658,744,015.65","356,793"
"24-Nov-2020","EQ","1,964.00","1,974.00","1,932.00","1,950.70","1,971.05","1,964.05","1,952.11","2,369.35","875.65","14,277,083","27,870,435,599.60","362,587"
"23-Nov-2020","EQ","1,951.00","1,970.00","1,926.25","1,899.50","1,955.20","1,950.70","1,952.18","2,369.35","875.65","20,918,665","40,837,042,219.85","497,781"
"20-Nov-2020","EQ","1,975.00","1,983.80","1,895.00","1,973.15","1,901.00","1,899.50","1,923.27","2,369.35","875.65","26,522,972","51,010,821,672.60","794,436"
"19-Nov-2020","EQ","1,987.20","2,010.45","1,968.20","1,987.20","1,972.00","1,973.15","1,987.24","2,369.35","875.65","12,828,008","25,492,281,433.30","307,890"
"18-Nov-2020","EQ","1,993.25","2,006.50","1,960.10","1,993.25","1,991.20","1,987.20","1,979.95","2,369.35","875.65","14,030,652","27,780,020,120.45","410,607"
"17-Nov-2020","EQ","2,085.00","2,085.00","1,985.00","2,002.30","1,994.80","1,993.25","2,013.16","2,369.35","875.65","21,479,385","43,241,364,015.15","462,630"
"14-Nov-2020","EQ","2,014.90","2,015.30","1,995.35","1,996.40","2,001.55","2,002.30","2,005.96","2,369.35","875.65","2,411,900","4,838,163,827.65","99,484"
"13-Nov-2020","EQ","1,982.00","2,036.65","1,981.75","1,980.00","2,000.05","1,996.40","2,007.38","2,369.35","875.65","20,946,864","42,048,268,831.65","507,695"
"12-Nov-2020","EQ","1,981.00","2,008.45","1,965.00","1,997.20","1,981.75","1,980.00","1,987.14","2,369.35","875.65","18,481,466","36,725,218,562.60","440,630"
"11-Nov-2020","EQ","2,089.00","2,095.00","1,978.10","2,084.55","1,999.80","1,997.20","2,027.80","2,369.35","875.65","26,178,477","53,084,610,845.15","647,679"
"10-Nov-2020","EQ","2,077.00","2,090.00","2,041.20","2,050.70","2,089.00","2,084.55","2,071.86","2,369.35","875.65","17,045,147","35,315,160,450.80","399,073"
"09-Nov-2020","EQ","2,062.10","2,069.00","2,036.00","2,029.15","2,051.00","2,050.70","2,051.91","2,369.35","875.65","16,539,467","33,937,502,974.20","384,188"
"06-Nov-2020","EQ","1,990.00","2,040.00","1,978.15","1,955.00","2,025.00","2,029.15","2,015.72","2,369.35","875.65","30,770,080","62,023,880,104.20","649,196"
"05-Nov-2020","EQ","1,954.95","1,960.95","1,932.00","1,913.20","1,956.80","1,955.00","1,949.03","2,369.35","875.65","17,170,274","33,465,297,065.50","448,665"
"04-Nov-2020","EQ","1,837.00","1,929.00","1,837.00","1,850.40","1,910.50","1,913.20","1,893.24","2,369.35","875.65","37,003,111","70,055,655,614.20","888,904"
"03-Nov-2020","EQ","1,890.00","1,909.00","1,835.10","1,877.45","1,854.50","1,850.40","1,873.92","2,369.35","875.65","40,931,170","76,701,761,539.15","990,935"
"02-Nov-2020","EQ","2,027.00","2,027.00","1,859.15","2,054.50","1,876.00","1,877.45","1,927.55","2,369.35","875.65","45,857,806","88,393,320,147.20","1,428,490"
"30-Oct-2020","EQ","2,033.50","2,065.10","2,021.80","2,026.90","2,064.35","2,054.50","2,040.66","2,369.35","875.65","15,701,123","32,040,607,252.30","349,177"
"29-Oct-2020","EQ","1,997.00","2,042.00","1,991.00","2,011.45","2,029.05","2,026.90","2,019.57","2,369.35","875.65","14,147,681","28,572,185,905.90","382,087"
"28-Oct-2020","EQ","2,041.80","2,057.70","2,007.40","2,034.50","2,008.90","2,011.45","2,026.02","2,369.35","875.65","13,810,054","27,979,442,354.80","413,849"
"27-Oct-2020","EQ","2,034.90","2,059.85","2,005.00","2,029.10","2,034.40","2,034.50","2,026.38","2,369.35","875.65","16,835,011","34,114,088,505.60","462,764"
"26-Oct-2020","EQ","2,101.95","2,101.95","2,018.50","2,113.05","2,034.90","2,029.10","2,052.69","2,369.35","875.65","17,225,340","35,358,322,555.55","581,238"
"23-Oct-2020","EQ","2,106.00","2,135.00","2,096.40","2,106.95","2,112.00","2,113.05","2,118.90","2,369.35","875.65","10,809,383","22,904,053,633.90","265,187"
"22-Oct-2020","EQ","2,127.40","2,132.50","2,091.00","2,124.60","2,111.90","2,106.95","2,107.04","2,369.35","875.65","14,215,255","29,952,115,114.75","391,498"
"21-Oct-2020","EQ","2,168.00","2,192.00","2,097.75","2,155.90","2,122.65","2,124.60","2,143.87","2,369.35","875.65","15,729,989","33,723,125,351.95","399,065"
"20-Oct-2020","EQ","2,179.00","2,193.00","2,152.25","2,176.20","2,155.85","2,155.90","2,166.54","2,369.35","875.65","8,529,621","18,479,742,687.70","275,082"
"19-Oct-2020","EQ","2,190.05","2,228.70","2,155.15","2,175.80","2,175.50","2,176.20","2,189.75","2,369.35","875.65","14,399,062","31,530,332,262.55","363,717"
"16-Oct-2020","EQ","2,215.00","2,232.50","2,172.65","2,206.50","2,178.00","2,175.80","2,197.33","2,369.35","875.65","9,961,080","21,887,776,009.80","287,579"
"15-Oct-2020","EQ","2,290.00","2,290.00","2,195.00","2,287.50","2,203.25","2,206.50","2,241.04","2,369.35","875.65","9,246,893","20,722,639,246.60","265,699"
"14-Oct-2020","EQ","2,278.90","2,304.00","2,268.50","2,280.70","2,283.00","2,287.50","2,284.78","2,369.35","875.65","12,341,487","28,197,589,496.85","281,008"
"13-Oct-2020","EQ","2,230.60","2,285.75","2,225.85","2,237.05","2,279.00","2,280.70","2,259.76","2,369.35","875.65","10,666,280","24,103,209,104.25","255,851"
"12-Oct-2020","EQ","2,235.00","2,255.75","2,226.25","2,233.45","2,236.00","2,237.05","2,239.55","2,369.35","875.65","6,565,525","14,703,804,367.10","146,831"
"09-Oct-2020","EQ","2,235.00","2,253.00","2,217.10","2,239.25","2,239.00","2,233.45","2,232.05","2,369.35","875.65","8,558,747","19,103,582,648.40","215,729"
"08-Oct-2020","EQ","2,259.00","2,268.00","2,222.10","2,257.50","2,241.50","2,239.25","2,242.24","2,369.35","875.65","9,727,508","21,811,437,285.25","251,543"
"07-Oct-2020","EQ","2,235.00","2,309.00","2,220.00","2,210.35","2,259.40","2,257.50","2,276.27","2,369.35","875.65","24,538,620","55,856,495,761.45","542,898"
"06-Oct-2020","EQ","2,225.25","2,233.90","2,201.65","2,212.20","2,213.00","2,210.35","2,213.64","2,369.35","875.65","8,497,352","18,810,040,908.25","230,575"
"05-Oct-2020","EQ","2,244.00","2,249.15","2,206.00","2,225.25","2,215.00","2,212.20","2,222.94","2,369.35","875.65","8,732,890","19,412,649,755.80","237,138"
"01-Oct-2020","EQ","2,263.80","2,263.80","2,214.00","2,234.35","2,229.05","2,225.25","2,237.62","2,369.35","875.65","9,591,467","21,462,014,627.70","237,645"
"30-Sep-2020","EQ","2,260.00","2,267.00","2,225.00","2,245.05","2,231.00","2,234.35","2,251.01","2,369.35","875.65","11,291,280","25,416,740,703.85","232,560"
"29-Sep-2020","EQ","2,225.00","2,264.00","2,216.25","2,216.25","2,241.90","2,245.05","2,242.30","2,369.35","875.65","11,927,459","26,744,967,680.50","269,649"
"28-Sep-2020","EQ","2,227.00","2,238.00","2,207.05","2,201.70","2,218.00","2,216.25","2,221.39","2,369.35","875.65","9,076,787","20,163,062,603.55","213,955"
"25-Sep-2020","EQ","2,189.00","2,212.80","2,167.30","2,181.20","2,198.85","2,201.70","2,191.17","2,369.35","875.65","13,095,950","28,695,471,561.35","329,859"
"24-Sep-2020","EQ","2,207.90","2,226.00","2,176.05","2,230.80","2,195.00","2,181.20","2,200.65","2,369.35","875.65","13,765,321","30,292,605,688.25","328,090"
"23-Sep-2020","EQ","2,260.00","2,276.75","2,205.30","2,211.15","2,228.00","2,230.80","2,242.58","2,369.35","875.65","19,839,809","44,492,265,342.30","384,190"
"22-Sep-2020","EQ","2,277.00","2,277.00","2,201.55","2,255.85","2,220.05","2,211.15","2,225.36","2,369.35","875.65","16,056,621","35,731,708,478.55","348,897"
"21-Sep-2020","EQ","2,300.00","2,336.00","2,247.35","2,305.70","2,250.00","2,255.85","2,291.38","2,369.35","875.65","15,519,433","35,560,977,455.15","342,489"
"18-Sep-2020","EQ","2,314.25","2,319.45","2,276.55","2,298.75","2,303.60","2,305.70","2,305.10","2,369.35","875.65","15,264,101","35,185,252,645.85","219,641"
"17-Sep-2020","EQ","2,320.00","2,333.70","2,291.85","2,324.55","2,296.00","2,298.75","2,310.29","2,369.35","875.65","11,919,991","27,538,576,983.55","286,325"
"16-Sep-2020","EQ","2,320.00","2,369.35","2,310.55","2,318.85","2,324.90","2,324.55","2,339.46","2,369.35","875.65","15,669,133","36,657,370,887.95","321,651"
"15-Sep-2020","EQ","2,311.95","2,325.75","2,288.15","2,302.55","2,324.00","2,318.85","2,311.23","2,360.00","875.65","12,543,161","28,990,110,978.15","270,331"
"14-Sep-2020","EQ","2,325.00","2,360.00","2,282.00","2,319.75","2,296.25","2,302.55","2,323.57","2,360.00","875.65","20,335,480","47,250,941,267.35","450,188"
"11-Sep-2020","EQ","2,312.00","2,337.85","2,287.10","2,314.00","2,315.00","2,319.75","2,318.58","2,344.95","875.65","27,445,883","63,635,412,477.45","599,768"
"10-Sep-2020","EQ","2,183.10","2,344.95","2,175.35","2,161.35","2,319.00","2,314.00","2,275.51","2,344.95","875.65","64,751,766","147,343,363,142.35","1,233,053"
"09-Sep-2020","EQ","2,085.00","2,167.80","2,081.45","2,107.10","2,163.55","2,161.35","2,136.84","2,198.80","875.65","25,526,055","54,545,044,441.00","531,323"
"08-Sep-2020","EQ","2,092.00","2,121.00","2,080.50","2,082.65","2,103.10","2,107.10","2,108.01","2,198.80","875.65","12,643,762","26,653,239,816.40","287,150"
"07-Sep-2020","EQ","2,084.00","2,105.75","2,044.25","2,077.25","2,099.60","2,082.65","2,071.80","2,198.80","875.65","10,119,099","20,964,707,499.00","255,801"
"04-Sep-2020","EQ","2,083.55","2,096.95","2,072.20","2,112.10","2,080.00","2,077.25","2,084.73","2,198.80","875.65","13,141,705","27,396,936,570.55","365,456"
"03-Sep-2020","EQ","2,128.00","2,138.75","2,103.00","2,128.20","2,114.00","2,112.10","2,112.86","2,198.80","875.65","8,577,741","18,123,586,030.30","219,117"
"02-Sep-2020","EQ","2,092.00","2,138.00","2,085.00","2,087.25","2,128.55","2,128.20","2,119.29","2,198.80","875.65","12,437,209","26,358,056,792.85","281,041"
"01-Sep-2020","EQ","2,100.00","2,122.40","2,062.40","2,080.70","2,092.00","2,087.25","2,091.83","2,198.80","875.65","17,821,488","37,279,521,464.50","327,904"
"31-Aug-2020","EQ","2,174.00","2,174.00","2,060.35","2,116.15","2,070.00","2,080.70","2,118.64","2,198.80","875.65","28,649,141","60,697,216,688.85","541,760"
"28-Aug-2020","EQ","2,120.00","2,132.90","2,106.25","2,110.60","2,116.00","2,116.15","2,118.85","2,198.80","875.65","12,537,684","26,565,452,934.10","267,973"
"27-Aug-2020","EQ","2,148.00","2,150.00","2,103.25","2,137.30","2,108.10","2,110.60","2,126.98","2,198.80","875.65","12,962,139","27,570,185,760.10","297,474"
"26-Aug-2020","EQ","2,085.00","2,147.95","2,047.00","2,082.10","2,133.70","2,137.30","2,102.41","2,198.80","875.65","27,631,028","58,091,747,446.85","533,755"
"25-Aug-2020","EQ","2,106.00","2,111.30","2,078.00","2,095.75","2,082.00","2,082.10","2,089.41","2,198.80","875.65","8,947,709","18,695,434,041.15","202,929"
"24-Aug-2020","EQ","2,091.40","2,104.50","2,070.50","2,081.85","2,099.95","2,095.75","2,090.25","2,198.80","875.65","15,099,030","31,560,709,786.10","323,471"
"21-Aug-2020","EQ","2,118.00","2,122.00","2,077.00","2,097.05","2,084.75","2,081.85","2,096.99","2,198.80","875.65","11,667,281","24,466,208,119.50","296,981"
"20-Aug-2020","EQ","2,120.00","2,123.90","2,088.00","2,131.55","2,098.60","2,097.05","2,109.01","2,198.80","875.65","10,402,292","21,938,504,435.85","267,102"
"19-Aug-2020","EQ","2,141.00","2,154.00","2,121.35","2,118.55","2,137.00","2,131.55","2,137.37","2,198.80","875.65","15,731,409","33,623,807,598.55","288,995"
"18-Aug-2020","EQ","2,085.00","2,134.30","2,082.35","2,091.35","2,120.20","2,118.55","2,118.58","2,198.80","875.65","14,097,932","29,867,537,548.70","281,219"
"17-Aug-2020","EQ","2,105.00","2,105.00","2,070.10","2,113.80","2,094.05","2,091.35","2,085.65","2,198.80","875.65","14,297,224","29,819,054,668.20","324,590"
"14-Aug-2020","EQ","2,122.55","2,157.00","2,089.25","2,122.05","2,112.00","2,113.80","2,129.96","2,198.80","875.65","15,333,759","32,660,268,151.55","346,390"
"13-Aug-2020","EQ","2,128.00","2,138.90","2,110.00","2,127.60","2,125.80","2,122.05","2,122.69","2,198.80","875.65","11,459,251","24,324,473,969.20","266,729"
"12-Aug-2020","EQ","2,121.00","2,145.00","2,106.80","2,133.80","2,126.55","2,127.60","2,129.79","2,198.80","875.65","13,967,529","29,747,858,193.40","308,155"
"11-Aug-2020","EQ","2,134.80","2,160.00","2,100.35","2,119.85","2,132.85","2,133.80","2,133.30","2,198.80","875.65","21,611,359","46,103,431,136.35","491,594"
"10-Aug-2020","EQ","2,159.10","2,165.00","2,108.10","2,146.45","2,121.60","2,119.85","2,136.58","2,198.80","875.65","12,441,939","26,583,161,118.75","300,073"
"07-Aug-2020","EQ","2,129.80","2,157.80","2,120.20","2,134.10","2,146.00","2,146.45","2,141.31","2,198.80","875.65","15,222,384","32,595,833,725.75","329,099"
"06-Aug-2020","EQ","2,157.00","2,167.70","2,107.80","2,126.45","2,136.55","2,134.10","2,139.59","2,198.80","875.65","22,762,726","48,702,811,222.25","468,092"
"05-Aug-2020","EQ","2,169.00","2,196.00","2,118.30","2,150.60","2,132.10","2,126.45","2,153.72","2,198.80","875.65","34,405,886","74,100,545,221.95","704,272"
"04-Aug-2020","EQ","2,020.60","2,167.00","2,000.25","2,009.00","2,158.40","2,150.60","2,098.08","2,198.80","875.65","42,477,225","89,120,494,925.40","827,312"
"03-Aug-2020","EQ","2,051.30","2,057.00","2,003.10","2,067.10","2,007.65","2,009.00","2,029.05","2,198.80","875.65","21,560,137","43,746,668,081.00","515,571"
"31-Jul-2020","EQ","2,114.50","2,129.00","2,052.80","2,108.85","2,070.00","2,067.10","2,077.02","2,198.80","875.65","34,593,375","71,851,185,919.55","748,942"
"30-Jul-2020","EQ","2,099.00","2,139.70","2,072.00","2,096.65","2,101.90","2,108.85","2,111.03","2,198.80","875.65","33,624,516","70,982,380,956.40","663,693"
"29-Jul-2020","EQ","2,177.90","2,182.80","2,070.45","2,177.70","2,092.00","2,096.65","2,124.29","2,198.80","875.65","33,536,361","71,241,119,089.50","738,739"
"28-Jul-2020","EQ","2,156.20","2,194.00","2,150.65","2,156.20","2,177.00","2,177.70","2,175.67","2,198.80","875.65","25,435,618","55,339,580,393.80","528,044"
"27-Jul-2020","EQ","2,178.80","2,198.80","2,127.90","2,146.15","2,154.95","2,156.20","2,169.68","2,198.80","875.65","37,060,949","80,410,276,311.85","781,374"
"24-Jul-2020","EQ","2,058.00","2,163.00","2,057.80","2,057.80","2,148.40","2,146.15","2,128.53","2,163.00","875.65","55,656,793","118,466,876,312.35","1,078,097"
"23-Jul-2020","EQ","2,003.95","2,079.70","1,991.35","2,004.00","2,076.00","2,057.80","2,035.95","2,079.70","875.65","26,921,058","54,810,058,387.90","498,584"
"22-Jul-2020","EQ","1,983.00","2,010.00","1,960.70","1,971.55","2,004.00","2,004.00","1,993.46","2,010.00","875.65","27,584,769","54,989,120,616.60","547,567"
"21-Jul-2020","EQ","1,939.00","1,977.00","1,936.50","1,919.90","1,973.50","1,971.55","1,962.43","1,978.80","875.65","19,463,498","38,195,689,330.00","375,090"
"20-Jul-2020","EQ","1,917.80","1,932.00","1,899.65","1,911.70","1,921.95","1,919.90","1,916.93","1,978.80","875.65","16,887,752","32,372,604,466.20","339,625"
"17-Jul-2020","EQ","1,845.00","1,920.00","1,838.00","1,843.40","1,916.00","1,911.70","1,876.25","1,978.80","875.65","22,949,535","43,059,161,082.30","487,421"
"16-Jul-2020","EQ","1,847.00","1,869.00","1,812.45","1,844.00","1,842.05","1,843.40","1,844.01","1,978.80","875.65","28,133,993","51,879,421,165.65","543,130"
"15-Jul-2020","EQ","1,937.95","1,978.80","1,798.00","1,917.00","1,842.35","1,844.00","1,917.63","1,978.80","875.65","64,458,598","123,607,955,323.25","1,285,533"
"14-Jul-2020","EQ","1,934.00","1,941.70","1,887.30","1,935.00","1,915.00","1,917.00","1,917.96","1,947.70","875.65","31,073,591","59,597,787,128.70","569,875"
"13-Jul-2020","EQ","1,903.35","1,947.70","1,900.00","1,878.05","1,938.70","1,935.00","1,927.07","1,947.70","875.65","32,124,397","61,905,840,822.60","615,947"
"10-Jul-2020","EQ","1,828.50","1,884.60","1,824.25","1,824.25","1,880.20","1,878.05","1,859.58","1,884.60","875.65","20,195,490","37,555,184,971.70","455,198"
"09-Jul-2020","EQ","1,809.00","1,835.00","1,786.25","1,798.00","1,826.75","1,824.25","1,813.36","1,864.35","875.65","16,807,403","30,477,877,599.50","352,813"
"08-Jul-2020","EQ","1,824.05","1,834.95","1,790.00","1,823.45","1,795.40","1,798.00","1,812.33","1,864.35","875.65","12,093,523","21,917,489,258.65","285,951"
"07-Jul-2020","EQ","1,860.00","1,864.35","1,806.30","1,851.80","1,822.15","1,823.45","1,831.78","1,864.35","875.65","16,240,102","29,748,224,129.05","386,666"
"06-Jul-2020","EQ","1,805.00","1,858.00","1,792.10","1,787.90","1,855.00","1,851.80","1,832.66","1,858.00","875.65","21,698,149","39,765,301,081.35","442,095"
"03-Jul-2020","EQ","1,779.80","1,793.00","1,768.00","1,760.35","1,788.00","1,787.90","1,781.69","1,804.20","875.65","13,584,004","24,202,508,199.65","254,096"
"02-Jul-2020","EQ","1,743.00","1,767.60","1,735.05","1,737.60","1,759.50","1,760.35","1,755.20","1,804.20","875.65","13,286,760","23,320,864,112.30","262,833"
"01-Jul-2020","EQ","1,720.00","1,749.00","1,708.05","1,704.10","1,736.25","1,737.60","1,730.01","1,804.20","875.65","13,136,706","22,726,570,310.95","256,982"
"30-Jun-2020","EQ","1,737.00","1,741.00","1,695.55","1,723.15","1,707.50","1,704.10","1,718.10","1,804.20","875.65","13,973,038","24,007,093,966.15","277,133"
"29-Jun-2020","EQ","1,728.05","1,739.75","1,715.55","1,741.65","1,722.70","1,723.15","1,724.38","1,804.20","875.65","11,825,126","20,391,055,541.05","225,499"
"26-Jun-2020","EQ","1,728.80","1,752.00","1,717.00","1,717.90","1,750.00","1,741.65","1,731.91","1,804.20","875.65","14,270,695","24,715,505,750.70","279,769"
"25-Jun-2020","EQ","1,727.00","1,749.00","1,713.05","1,727.85","1,719.00","1,717.90","1,728.41","1,804.20","875.65","18,312,705","31,651,803,892.75","318,478"
"24-Jun-2020","EQ","1,735.90","1,772.70","1,711.70","1,720.90","1,732.50","1,727.85","1,739.65","1,804.20","875.65","23,808,524","41,418,523,475.35","488,048"
"23-Jun-2020","EQ","1,750.00","1,763.75","1,716.10","1,746.15","1,721.70","1,720.90","1,731.86","1,804.20","875.65","17,521,196","30,344,310,521.95","400,333"
"22-Jun-2020","EQ","1,773.40","1,804.20","1,735.00","1,759.40","1,752.50","1,746.15","1,771.18","1,804.20","875.65","27,781,772","49,206,651,889.20","613,265"
"19-Jun-2020","EQ","1,670.00","1,788.80","1,662.00","1,655.90","1,763.20","1,759.40","1,727.35","1,788.80","875.65","48,828,852","84,344,321,446.80","752,773"
"18-Jun-2020","EQ","1,607.00","1,665.00","1,605.60","1,615.35","1,662.90","1,655.90","1,636.40","1,665.00","875.65","18,677,694","30,564,098,282.65","327,308"
"17-Jun-2020","EQ","1,608.25","1,635.45","1,602.10","1,617.70","1,611.85","1,615.35","1,618.64","1,648.55","875.65","19,282,519","31,211,518,938.20","299,203"
"16-Jun-2020","EQ","1,643.00","1,648.55","1,585.30","1,614.55","1,614.05","1,617.70","1,617.17","1,648.55","875.65","23,623,299","38,202,982,642.70","424,919"
"15-Jun-2020","EQ","1,565.00","1,626.95","1,561.10","1,588.80","1,612.30","1,614.55","1,593.39","1,626.95","875.65","24,509,162","39,052,737,198.75","467,105"
"12-Jun-2020","EQ","1,500.00","1,593.00","1,497.00","1,537.70","1,588.70","1,588.80","1,552.68","1,618.40","875.65","17,790,565","27,623,018,097.70","337,575"
"11-Jun-2020","EQ","1,566.00","1,567.95","1,531.00","1,572.15","1,538.80","1,537.70","1,546.33","1,618.40","875.65","9,408,283","14,548,302,924.85","269,490"
"10-Jun-2020","EQ","1,543.10","1,579.55","1,540.05","1,537.15","1,575.00","1,572.15","1,556.73","1,618.40","875.65","10,214,426","15,901,058,050.65","262,174"
"09-Jun-2020","EQ","1,560.30","1,583.00","1,533.00","1,569.50","1,535.90","1,537.15","1,555.91","1,618.40","875.65","11,934,073","18,568,335,407.30","307,011"
"08-Jun-2020","EQ","1,618.40","1,618.40","1,565.00","1,581.70","1,571.80","1,569.50","1,588.27","1,618.40","875.65","14,498,055","23,026,897,486.70","322,987"
"05-Jun-2020","EQ","1,595.00","1,618.00","1,573.70","1,579.80","1,579.20","1,581.70","1,596.41","1,618.00","875.65","15,270,435","24,377,905,391.85","339,237"
"04-Jun-2020","EQ","1,544.00","1,589.50","1,541.00","1,541.65","1,576.00","1,579.80","1,570.24","1,617.55","875.65","15,784,612","24,785,560,880.55","356,122"
"03-Jun-2020","EQ","1,545.00","1,560.00","1,533.35","1,535.70","1,543.00","1,541.65","1,543.74","1,617.55","875.65","11,713,666","18,082,824,556.40","227,825"
"02-Jun-2020","EQ","1,526.00","1,540.00","1,520.80","1,520.35","1,537.95","1,535.70","1,531.68","1,617.55","875.65","10,224,102","15,660,044,883.85","224,472"
"01-Jun-2020","EQ","1,480.00","1,538.35","1,475.95","1,464.40","1,521.90","1,520.35","1,512.99","1,617.55","875.65","18,434,065","27,890,475,620.10","354,436"
"29-May-2020","EQ","1,468.00","1,472.00","1,452.65","1,472.25","1,470.00","1,464.40","1,462.79","1,617.55","875.65","18,471,770","27,020,285,851.40","300,018"
"28-May-2020","EQ","1,455.00","1,479.75","1,449.00","1,445.55","1,471.05","1,472.25","1,467.50","1,617.55","875.65","18,519,252","27,176,980,636.40","405,603"
"27-May-2020","EQ","1,431.00","1,454.00","1,412.00","1,424.05","1,449.85","1,445.55","1,430.20","1,617.55","875.65","16,460,764","23,542,230,514.25","348,477"
"26-May-2020","EQ","1,448.15","1,449.70","1,416.30","1,431.55","1,426.00","1,424.05","1,428.70","1,617.55","875.65","15,330,793","21,903,166,112.45","341,795"
"22-May-2020","EQ","1,451.80","1,458.00","1,426.50","1,441.25","1,433.00","1,431.55","1,442.31","1,617.55","875.65","17,458,503","25,180,593,225.25","388,907"
"21-May-2020","EQ","1,435.00","1,461.45","1,425.00","1,433.70","1,440.00","1,441.25","1,443.94","1,617.55","875.65","18,077,196","26,102,458,753.25","353,235"
"20-May-2020","EQ","1,410.00","1,446.85","1,393.00","1,408.90","1,437.40","1,433.70","1,426.52","1,617.55","875.65","25,530,692","36,419,940,581.50","446,373"
"19-May-2020","EQ","1,457.00","1,461.70","1,403.25","1,440.75","1,409.10","1,408.90","1,436.68","1,617.55","875.65","19,529,216","28,057,214,575.20","424,987"
"18-May-2020","EQ","1,470.00","1,482.00","1,428.00","1,459.40","1,442.55","1,440.75","1,452.86","1,617.55","875.65","28,981,620","42,106,270,200.25","575,336"
"15-May-2020","EQ","1,444.00","1,466.70","1,415.10","1,435.95","1,453.20","1,459.40","1,439.85","1,617.55","875.65","28,683,432","41,299,828,010.10","592,403"
"14-May-2020","EQ","1,469.00","1,496.70","1,430.05","1,496.45","1,437.00","1,435.95","1,457.61","1,617.55","875.65","22,736,714","33,141,191,470.35","494,402"
"13-May-2020","EQ","1,527.00","1,527.00","1,454.00","1,479.25","1,492.50","1,496.45","1,481.10","1,617.55","875.65","30,658,051","45,407,632,804.00","615,366"
"12-May-2020","EQ","1,564.80","1,568.35","1,465.00","1,576.80","1,486.45","1,479.25","1,511.39","1,617.55","875.65","46,029,119","69,568,011,663.15","807,575"
"11-May-2020","EQ","1,580.00","1,615.00","1,572.30","1,561.80","1,575.00","1,576.80","1,592.89","1,617.55","875.65","30,670,404","48,854,566,347.85","576,001"
"08-May-2020","EQ","1,545.00","1,579.90","1,537.10","1,506.95","1,559.45","1,561.80","1,560.62","1,617.55","875.65","38,522,385","60,118,628,770.50","727,915"
"07-May-2020","EQ","1,455.00","1,513.65","1,445.00","1,460.75","1,512.00","1,506.95","1,484.86","1,617.55","875.65","22,871,529","33,961,065,996.95","465,254"
"06-May-2020","EQ","1,464.00","1,484.95","1,445.50","1,460.65","1,461.50","1,460.75","1,468.54","1,617.55","875.65","18,510,304","27,183,196,663.05","425,042"
"05-May-2020","EQ","1,453.70","1,479.00","1,447.20","1,435.20","1,462.65","1,460.65","1,464.23","1,617.55","875.65","20,528,706","30,058,697,949.35","412,545"
"04-May-2020","EQ","1,440.00","1,465.00","1,417.45","1,466.00","1,435.00","1,435.20","1,442.94","1,617.55","875.65","24,439,240","35,264,364,750.75","544,309"
"30-Apr-2020","EQ","1,453.95","1,494.95","1,438.05","1,426.95","1,464.00","1,466.00","1,467.88","1,617.55","875.65","32,617,901","47,879,255,960.05","663,204"
"29-Apr-2020","EQ","1,444.90","1,453.65","1,420.00","1,428.15","1,427.00","1,426.95","1,436.42","1,617.55","875.65","17,141,540","24,622,404,116.35","389,293"
"28-Apr-2020","EQ","1,450.00","1,455.45","1,392.15","1,429.75","1,430.00","1,428.15","1,421.22","1,617.55","875.65","35,866,381","50,974,111,340.65","746,066"
"27-Apr-2020","EQ","1,434.00","1,475.00","1,423.00","1,417.00","1,431.00","1,429.75","1,448.31","1,617.55","875.65","26,736,512","38,722,699,504.95","594,518"
"24-Apr-2020","EQ","1,350.15","1,494.95","1,347.20","1,370.90","1,425.80","1,417.00","1,431.67","1,617.55","875.65","61,711,388","88,350,296,135.65","1,154,959"
"23-Apr-2020","EQ","1,367.35","1,385.85","1,353.30","1,363.60","1,370.15","1,370.90","1,369.10","1,617.55","875.65","29,928,331","40,974,916,120.55","612,506"
"22-Apr-2020","EQ","1,320.00","1,384.90","1,300.00","1,237.35","1,359.00","1,363.60","1,341.48","1,617.55","875.65","65,230,894","87,505,942,711.40","1,194,059"
"21-Apr-2020","EQ","1,210.00","1,252.00","1,164.00","1,243.80","1,251.50","1,237.35","1,204.07","1,617.55","875.65","28,057,706","33,783,478,000.15","573,205"
"20-Apr-2020","EQ","1,226.00","1,257.00","1,202.00","1,224.00","1,248.10","1,243.80","1,228.75","1,617.55","875.65","16,472,339","20,240,404,168.15","365,965"
"17-Apr-2020","EQ","1,216.00","1,230.00","1,192.65","1,168.05","1,229.90","1,224.00","1,208.12","1,617.55","875.65","15,209,707","18,375,116,205.00","322,391"
"16-Apr-2020","EQ","1,149.85","1,187.45","1,145.00","1,149.85","1,170.00","1,168.05","1,172.19","1,617.55","875.65","17,123,533","20,071,955,511.50","387,003"
"15-Apr-2020","EQ","1,197.05","1,236.00","1,143.00","1,189.15","1,157.50","1,149.85","1,191.73","1,617.55","875.65","16,147,959","19,243,981,630.60","404,270"
"13-Apr-2020","EQ","1,203.95","1,215.00","1,180.00","1,219.95","1,192.50","1,189.15","1,191.64","1,617.55","875.65","10,822,871","12,896,993,488.10","263,593"
"09-Apr-2020","EQ","1,214.00","1,232.80","1,193.00","1,192.15","1,217.75","1,219.95","1,214.91","1,617.55","875.65","15,101,711","18,347,214,247.30","368,355"
"08-Apr-2020","EQ","1,180.00","1,229.00","1,160.00","1,206.10","1,197.00","1,192.15","1,194.60","1,617.55","875.65","22,803,774","27,241,443,067.90","538,577"
"07-Apr-2020","EQ","1,102.10","1,214.00","1,100.00","1,077.45","1,211.00","1,206.10","1,161.27","1,617.55","875.65","24,859,057","28,867,992,303.70","556,669"
"03-Apr-2020","EQ","1,134.45","1,134.45","1,056.30","1,080.45","1,088.00","1,077.45","1,077.52","1,617.55","875.65","18,912,044","20,378,095,229.65","519,365"
"01-Apr-2020","EQ","1,122.25","1,124.60","1,045.20","1,113.75","1,084.00","1,080.45","1,072.84","1,617.55","875.65","19,017,099","20,402,365,414.20","414,675"
"31-Mar-2020","EQ","1,073.95","1,129.80","1,048.00","1,030.45","1,100.00","1,113.75","1,093.37","1,617.55","875.65","20,249,909","22,140,676,568.55","506,536"
"30-Mar-2020","EQ","1,040.60","1,074.80","1,020.00","1,065.60","1,031.50","1,030.45","1,044.14","1,617.55","875.65","13,820,286","14,430,304,002.65","386,770"
"27-Mar-2020","EQ","1,095.00","1,107.30","1,046.20","1,066.20","1,067.95","1,065.60","1,070.06","1,617.55","875.65","19,044,644","20,378,895,930.60","502,817"
"26-Mar-2020","EQ","1,095.80","1,116.90","1,042.35","1,082.25","1,069.00","1,066.20","1,074.95","1,617.55","875.65","20,912,934","22,480,324,150.35","592,742"
"25-Mar-2020","EQ","963.80","1,151.55","963.25","943.40","1,074.00","1,082.25","1,053.49","1,617.55","875.65","33,433,126","35,221,338,454.85","799,060"
"24-Mar-2020","EQ","930.00","970.00","895.80","884.05","946.00","943.40","934.85","1,617.55","875.65","20,919,322","19,556,500,213.85","590,891"
"23-Mar-2020","EQ","916.20","950.00","875.65","1,017.95","891.00","884.05","899.32","1,617.55","875.65","18,593,713","16,721,615,106.25","569,206"
"20-Mar-2020","EQ","939.50","1,034.90","930.00","917.70","1,028.00","1,017.95","983.98","1,617.55","892.20","28,967,526","28,503,444,361.95","589,033"
"19-Mar-2020","EQ","920.10","967.00","892.20","968.50","917.70","917.70","918.86","1,617.55","892.20","28,072,062","25,794,360,273.80","636,588"
"18-Mar-2020","EQ","1,025.30","1,035.90","961.00","1,008.00","976.45","968.50","992.19","1,617.55","942.40","20,450,497","20,290,776,263.75","499,736"
"17-Mar-2020","EQ","1,047.25","1,060.00","1,003.20","1,015.70","1,011.50","1,008.00","1,034.68","1,617.55","942.40","20,777,442","21,497,994,559.00","463,953"
"16-Mar-2020","EQ","1,060.55","1,079.70","1,005.00","1,105.30","1,012.20","1,015.70","1,046.83","1,617.55","942.40","17,594,729","18,418,745,886.00","441,083"
"13-Mar-2020","EQ","998.00","1,140.00","942.40","1,063.00","1,116.95","1,105.30","1,053.35","1,617.55","942.40","33,509,757","35,297,404,438.20","706,395"
"12-Mar-2020","EQ","1,085.00","1,101.00","1,048.70","1,153.55","1,059.00","1,063.00","1,076.20","1,617.55","1,048.70","25,588,170","27,538,049,024.35","646,095"
"11-Mar-2020","EQ","1,108.00","1,178.45","1,108.00","1,114.15","1,152.00","1,153.55","1,157.92","1,617.55","1,095.00","27,237,627","31,538,987,521.10","490,124"
"09-Mar-2020","EQ","1,240.05","1,241.00","1,095.00","1,271.00","1,104.50","1,114.15","1,143.56","1,617.55","1,095.00","40,317,808","46,105,953,148.80","846,382"
"06-Mar-2020","EQ","1,270.00","1,288.15","1,241.10","1,311.15","1,269.85","1,271.00","1,271.62","1,617.55","1,095.30","15,422,068","19,610,974,599.30","389,652"
"05-Mar-2020","EQ","1,352.20","1,357.95","1,306.00","1,339.70","1,309.90","1,311.15","1,327.07","1,617.55","1,095.30","13,948,324","18,510,367,252.80","319,378"
"04-Mar-2020","EQ","1,352.00","1,353.80","1,307.90","1,342.85","1,349.00","1,339.70","1,331.24","1,617.55","1,095.30","10,105,782","13,453,213,011.65","297,606"
"04-Mar-2020","EQ","1,352.00","1,353.80","1,307.90","1,342.85","1,349.00","1,339.70","1,331.24","1,617.55","1,095.30","10,105,782","13,453,213,011.65","297,606"
"04-Mar-2020","EQ","1,352.00","1,353.80","1,307.90","1,342.85","1,349.00","1,339.70","1,331.24","1,617.55","1,095.30","10,105,782","13,453,213,011.65","297,606"
"04-Mar-2020","EQ","1,352.00","1,353.80","1,307.90","1,342.85","1,349.00","1,339.70","1,331.24","1,617.55","1,095.30","10,105,782","13,453,213,011.65","297,606"
"04-Mar-2020","EQ","1,352.00","1,353.80","1,307.90","1,342.85","1,349.00","1,339.70","1,331.24","1,617.55","1,095.30","10,105,782","13,453,213,011.65","297,606"
"03-Mar-2020","EQ","1,329.70","1,353.90","1,322.00","1,316.15","1,346.35","1,342.85","1,339.28","1,617.55","1,095.30","12,525,809","16,775,518,803.70","275,521"
"03-Mar-2020","EQ","1,329.70","1,353.90","1,322.00","1,316.15","1,346.35","1,342.85","1,339.28","1,617.55","1,095.30","12,525,809","16,775,518,803.70","275,521"
"03-Mar-2020","EQ","1,329.70","1,353.90","1,322.00","1,316.15","1,346.35","1,342.85","1,339.28","1,617.55","1,095.30","12,525,809","16,775,518,803.70","275,521"
"03-Mar-2020","EQ","1,329.70","1,353.90","1,322.00","1,316.15","1,346.35","1,342.85","1,339.28","1,617.55","1,095.30","12,525,809","16,775,518,803.70","275,521"
"03-Mar-2020","EQ","1,329.70","1,353.90","1,322.00","1,316.15","1,346.35","1,342.85","1,339.28","1,617.55","1,095.30","12,525,809","16,775,518,803.70","275,521"
"02-Mar-2020","EQ","1,355.10","1,369.00","1,301.10","1,328.65","1,322.00","1,316.15","1,343.40","1,617.55","1,095.30","13,486,634","18,117,990,644.90","274,282"
"28-Feb-2020","EQ","1,354.90","1,357.00","1,325.00","1,386.25","1,327.00","1,328.65","1,338.96","1,617.55","1,095.30","17,973,847","24,066,201,012.35","373,466"
"27-Feb-2020","EQ","1,388.00","1,393.80","1,369.00","1,392.00","1,380.45","1,386.25","1,381.33","1,617.55","1,095.30","11,454,300","15,822,175,752.20","240,043"
"26-Feb-2020","EQ","1,410.00","1,412.35","1,387.35","1,416.40","1,389.50","1,392.00","1,399.83","1,617.55","1,095.30","13,423,661","18,790,808,835.50","268,512"
"25-Feb-2020","EQ","1,451.40","1,451.40","1,410.00","1,444.95","1,420.00","1,416.40","1,432.47","1,617.55","1,095.30","12,684,109","18,169,572,259.45","281,387"
"24-Feb-2020","EQ","1,469.75","1,477.00","1,439.55","1,485.95","1,447.10","1,444.95","1,462.78","1,617.55","1,095.30","9,769,743","14,291,004,524.25","237,165"
"20-Feb-2020","EQ","1,497.00","1,508.00","1,483.80","1,503.80","1,487.00","1,485.95","1,495.83","1,617.55","1,095.30","7,722,577","11,551,669,677.25","176,470"
"19-Feb-2020","EQ","1,479.35","1,506.45","1,475.10","1,467.40","1,504.50","1,503.80","1,497.34","1,617.55","1,095.30","6,438,918","9,641,269,216.50","249,278"
"19-Feb-2020","EQ","1,479.35","1,506.45","1,475.10","1,467.40","1,504.50","1,503.80","1,497.34","1,617.55","1,095.30","6,438,918","9,641,269,216.50","249,278"
"19-Feb-2020","EQ","1,479.35","1,506.45","1,475.10","1,467.40","1,504.50","1,503.80","1,497.34","1,617.55","1,095.30","6,438,918","9,641,269,216.50","249,278"
"19-Feb-2020","EQ","1,479.35","1,506.45","1,475.10","1,467.40","1,504.50","1,503.80","1,497.34","1,617.55","1,095.30","6,438,918","9,641,269,216.50","249,278"
"19-Feb-2020","EQ","1,479.35","1,506.45","1,475.10","1,467.40","1,504.50","1,503.80","1,497.34","1,617.55","1,095.30","6,438,918","9,641,269,216.50","249,278"
"19-Feb-2020","EQ","1,479.35","1,506.45","1,475.10","1,467.40","1,504.50","1,503.80","1,497.34","1,617.55","1,095.30","6,438,918","9,641,269,216.50","249,278"
"18-Feb-2020","EQ","1,475.90","1,475.90","1,457.40","1,478.25","1,466.90","1,467.40","1,465.63","1,617.55","1,095.30","5,086,964","7,455,603,060.65","142,911"
"17-Feb-2020","EQ","1,489.00","1,506.15","1,474.30","1,487.60","1,478.50","1,478.25","1,487.62","1,617.55","1,095.30","6,011,340","8,942,610,639.00","150,631"
"14-Feb-2020","EQ","1,477.25","1,501.45","1,453.10","1,474.15","1,485.85","1,487.60","1,483.41","1,617.55","1,095.30","9,704,655","14,395,961,760.00","229,509"
"13-Feb-2020","EQ","1,477.75","1,477.75","1,462.60","1,470.30","1,470.45","1,474.15","1,470.71","1,617.55","1,095.30","6,201,763","9,120,966,120.20","116,464"
"12-Feb-2020","EQ","1,456.15","1,474.85","1,455.00","1,452.75","1,473.15","1,470.30","1,465.86","1,617.55","1,095.30","6,187,091","9,069,380,787.60","192,511"
"11-Feb-2020","EQ","1,447.40","1,466.20","1,445.05","1,435.60","1,454.50","1,452.75","1,457.22","1,617.55","1,095.30","6,400,245","9,326,549,622.15","224,142"
"10-Feb-2020","EQ","1,428.00","1,445.50","1,410.45","1,433.65","1,442.20","1,435.60","1,424.41","1,617.55","1,095.30","6,922,631","9,860,658,648.55","143,055"
"07-Feb-2020","EQ","1,451.00","1,452.35","1,428.30","1,457.80","1,432.00","1,433.65","1,437.06","1,617.55","1,095.30","5,581,641","8,021,138,869.45","134,128"
"06-Feb-2020","EQ","1,454.10","1,467.00","1,440.10","1,448.50","1,455.00","1,457.80","1,452.93","1,617.55","1,095.30","7,103,715","10,321,203,995.95","163,247"
"05-Feb-2020","EQ","1,434.90","1,452.80","1,430.30","1,426.40","1,446.30","1,448.50","1,442.46","1,617.55","1,095.30","8,444,823","12,181,350,644.45","242,039"
"04-Feb-2020","EQ","1,400.00","1,432.50","1,397.80","1,385.50","1,427.50","1,426.40","1,419.31","1,617.55","1,095.30","11,604,666","16,470,598,996.60","286,666"
"03-Feb-2020","EQ","1,369.90","1,399.95","1,363.05","1,383.35","1,386.00","1,385.50","1,380.77","1,617.55","1,095.30","14,040,626","19,386,892,660.65","370,104"
"01-Feb-2020","EQ","1,405.30","1,426.95","1,371.10","1,411.65","1,372.00","1,383.35","1,402.89","1,617.55","1,095.30","11,022,901","15,463,889,561.65","243,212"
"31-Jan-2020","EQ","1,453.00","1,453.25","1,407.20","1,443.75","1,410.00","1,411.65","1,425.75","1,617.55","1,095.30","15,886,673","22,650,374,556.80","330,774"
"30-Jan-2020","EQ","1,479.00","1,479.70","1,440.00","1,479.85","1,443.00","1,443.75","1,452.40","1,617.55","1,095.30","10,241,756","14,875,116,667.40","231,136"
"29-Jan-2020","EQ","1,474.05","1,494.40","1,464.05","1,471.75","1,480.00","1,479.85","1,479.34","1,617.55","1,095.30","11,313,297","16,736,172,827.55","254,760"
"28-Jan-2020","EQ","1,508.60","1,510.00","1,463.60","1,506.55","1,473.50","1,471.75","1,485.82","1,617.55","1,095.30","11,215,313","16,663,988,524.40","271,852"
"27-Jan-2020","EQ","1,514.90","1,524.45","1,505.00","1,521.55","1,508.00","1,506.55","1,513.43","1,617.55","1,095.30","6,120,429","9,262,815,086.30","130,826"
"24-Jan-2020","EQ","1,527.00","1,536.35","1,518.55","1,526.85","1,524.05","1,521.55","1,525.74","1,617.55","1,095.30","6,687,633","10,203,594,712.60","152,146"
"23-Jan-2020","EQ","1,536.50","1,541.95","1,520.70","1,533.35","1,529.60","1,526.85","1,528.79","1,617.55","1,095.30","5,142,088","7,861,187,151.20","149,239"
"22-Jan-2020","EQ","1,544.00","1,546.75","1,531.10","1,533.90","1,535.25","1,533.35","1,538.16","1,617.55","1,095.30","4,719,245","7,258,954,215.65","143,828"
"21-Jan-2020","EQ","1,528.60","1,545.85","1,522.00","1,532.35","1,535.00","1,533.90","1,535.68","1,617.55","1,095.30","8,650,831","13,284,891,871.10","233,395"
"20-Jan-2020","EQ","1,609.00","1,609.00","1,526.40","1,581.00","1,532.20","1,532.35","1,557.85","1,617.55","1,095.30","14,878,868","23,179,100,842.45","338,270"
"17-Jan-2020","EQ","1,553.50","1,584.95","1,553.20","1,537.90","1,581.00","1,581.00","1,573.00","1,617.55","1,086.40","13,469,708","21,187,907,268.25","279,304"
"16-Jan-2020","EQ","1,529.00","1,543.35","1,528.00","1,523.85","1,538.70","1,537.90","1,535.41","1,617.55","1,086.40","5,873,662","9,018,508,367.20","164,724"
"15-Jan-2020","EQ","1,535.85","1,539.90","1,518.25","1,529.40","1,524.10","1,523.85","1,526.75","1,617.55","1,086.40","7,231,393","11,040,550,715.00","212,172"
"14-Jan-2020","EQ","1,540.00","1,550.00","1,521.85","1,543.70","1,529.10","1,529.40","1,533.76","1,617.55","1,086.40","7,230,788","11,090,262,628.40","173,502"
"13-Jan-2020","EQ","1,545.05","1,558.70","1,538.40","1,547.65","1,539.85","1,543.70","1,548.94","1,617.55","1,086.40","8,358,090","12,946,146,806.55","143,022"
"10-Jan-2020","EQ","1,551.90","1,557.95","1,539.65","1,548.00","1,546.85","1,547.65","1,549.42","1,617.55","1,086.40","5,704,686","8,838,954,165.35","136,340"
"09-Jan-2020","EQ","1,538.60","1,550.00","1,531.25","1,513.15","1,549.50","1,548.00","1,541.76","1,617.55","1,086.40","6,849,606","10,560,431,962.80","154,953"
"08-Jan-2020","EQ","1,515.00","1,534.45","1,510.00","1,524.60","1,514.00","1,513.15","1,518.24","1,617.55","1,086.40","7,336,561","11,138,643,617.80","169,662"
"07-Jan-2020","EQ","1,519.00","1,534.50","1,513.50","1,501.50","1,526.95","1,524.60","1,523.12","1,617.55","1,086.40","7,627,191","11,617,096,335.05","180,713"
"06-Jan-2020","EQ","1,520.00","1,527.90","1,498.00","1,537.15","1,499.90","1,501.50","1,512.57","1,617.55","1,086.40","11,209,343","16,954,936,799.60","225,138"
"03-Jan-2020","EQ","1,533.00","1,541.65","1,523.00","1,535.30","1,536.00","1,537.15","1,532.73","1,617.55","1,081.10","9,593,498","14,704,283,071.80","149,003"
"02-Jan-2020","EQ","1,512.00","1,540.95","1,512.00","1,509.60","1,534.10","1,535.30","1,530.86","1,617.55","1,081.10","8,096,561","12,394,709,675.75","151,727"